Workbook

Sheet Base General OR_Inicial
A1: N° | B1: DEPARTAMENTO | C1: MUNICIPIO | D1: VALOR | E1: N° CE | F1: USUARIOS | G1: Potencia (mWp) | H1: Potencia ((kWp) | I1: Fecha Inicial | J1: OR/Generador | K1: TIPO DE PROYECTO | L1: ZONA
A2: 1 | B2: AMAZONAS | C2: AMAZONAS | D2: 53908378733 | E2: 23 | F2: 1367 | G2: 2.02 | H2: 2020 | I2: 46295 | J2: ENAM | K2: CENTRALIZADO | L2: ZNI | N2: =G2*1000 -> 2020
A3: 2 | B3: CAQUETA | C3: CARTAGENA DEL CHAIIRA | D3: 24437339433 | E3: 69 | F3: 755 | G3: 1.52 | H3: 1520 | I3: 46223 | J3: GENSA | K3: INDIVIDUALES | L3: ZNI | N3: =G3*1000 -> 1520
A4: 3 | B4: CESAR | C4: BECERRIL | D4: 18447808737 | E4: 57 | F4: 623 | G4: 0.76 | H4: 760 | I4: 46162 | J4: ELECTROCAQUETA | K4: INDIVUDUALES | L4: ZNI | N4: =G4*1000 -> 760
A5: 4 | B5: CESAR | C5: CURUMANI | D5: 18114661005 | E5: 57 | F5: 624 | G5: 0.76 | H5: 760 | I5: 46162 | J5: ELECTROCAQUETA | K5: INDIVUDUALES | L5: ZNI | N5: =G5*1000 -> 760
A6: 5 | B6: CHOCO | C6: NUQUI | D6: 79316865070 | E6: 34 | F6: 2036 | G6: 4 | H6: 4000 | I6: 46234 | J6: DISPAC | K6: CENTRALIZADO | L6: ZNI | N6: =G6*1000 -> 4000
A7: 6 | B7: CHOCO | C7: BAHIA SOLANO | D7: 83008042889 | E7: 38 | F7: 2295 | G7: 3 | H7: 3000 | I7: 46223 | J7: GENSA | K7: CENTRALIZADO | L7: ZNI | N7: =G7*1000 -> 3000
A8: 7 | B8: LA GUAJIRA | C8: MAICAO Y ALBANIA | D8: 322709746890 | E8: 969 | F8: 10664 | G8: 11.73 | H8: 11730 | I8: 46234 | J8: DISPAC | K8: INDIVIDUALES | L8: ZNI | N8: =G8*1000 -> 11730
A9: 8 | B9: LA GUAJIRA | C9: URIBIA | D9: 30713269905 | E9: 91 | F9: 1000 | G9: 1.2 | H9: 1200 | I9: 46223 | J9: GENSA | K9: INDIVIDUALES | L9: ZNI | N9: =G9*1000 -> 1200
A10: 9 | B10: MAGDALENA | C10: SANTA MARTA | D10: 51087244522 | E10: 144 | F10: 1581 | G10: 1.74 | H10: 1740 | I10: 46193 | J10: ELECTROCAQUETA | K10: INDIVIDUALES | L10: ZNI | N10: =G10*1000 -> 1740
A11: 10 | B11: META | C11: LA URIBE | D11: 31420264769 | E11: 91 | F11: 1003 | G11: 1.21 | H11: 1210 | I11: 46223 | J11: GENSA | K11: INDIVIDUALES | L11: ZNI | N11: =G11*1000 -> 1210
A12: 11 | B12: NARIÑO | C12: RICAURTE | D12: 27742028640 | E12: 78 | F12: 862 | G12: 0.95 | H12: 950 | I12: 46193 | J12: ELECTROCAQUETA | K12: INDIVIDUALES | L12: ZNI | N12: =G12*1000 -> 950
A13: 12 | B13: NORTE DE SANTANDER | C13: TEORAMA EL CARMEN CONVENCIÓN HACARI SAN CALIXTO TIBU | D13: 121589085878 | E13: 344 | F13: 3783 | G13: 4.16 | H13: 4160 | I13: 46193 | J13: ELECTROCAQUETA | K13: INDIVIDUALES | L13: ZNI | N13: =G13*1000 -> 4160
... A19: 18 | B19: SANTANDER | C19: GUACA | D19: 4402514558 | E19: 14 | F19: 154 | G19: 0.19 | H19: 190 | I19: 46193 | J19: ELECTROCAQUETA | K19: INDIVIDUALES | L19: ZNI | N19: =G19*1000 -> 190
A20: TOTAL | D20: =+SUM(D2:D19) -> 968268668130 | E20: =+SUM(E2:E19) -> 2297 | F20: =+SUM(F2:F19) -> 29911 | G20: =+SUM(G2:G19) -> 37.06 | H20: =SUM(H2:H19) -> 37060

Sheet Gráficas_General
J1: Potencia Total | K1: 760
C2: OPERADOR | E2: Electrocaqueta | J2: Usuarios Totales | K2: 623 | L2: =5*30 -> 150 | P2: OPERADOR | R2: Dispac
C3: POTENCIA TOTAL | E3: 9,83 MWp | P3: POTENCIA TOTAL | R3: 11,73 MWp
C4: USUARIOS TOTALES | E4: 8785 | P4: USUARIOS TOTALES | R4: 10664
C7: Mes | D7: Usuarios (Plan Inicial) | E7: Usuarios (Nueva Estrat.) | F7: Usuarios Acum. (Inicial) | G7: Usuarios Acum. (Nueva) | H7: Potencia kW (Plan Inicial) | I7: Potencia kW (Nueva Estrat.) | J7: Potencia Acum. (Inicial) | K7: Potencia Acum. (Nueva) | L7: Usuarios Ejcutado | M7: Usuarios Ejcutado Acumulado | P7: Mes | Q7: Usuarios (Plan Inicial) | R7: Usuarios (Nueva Estrat.) | S7: Usuarios Acum. (Inicial) | T7: Usuarios Acum. (Nueva) | U7: Potencia kW (Plan Inicial) | V7: Potencia kW (Nueva Estrat.) | W7: Potencia Acum. (Inicial) | X7: Potencia Acum. (Nueva) | Y7: Usuarios Ejcutado | Z7: Usuarios Ejcutado Acumulado
C8: 46117 | D8: 0 | E8: 0 | F8: 0 | G8: 0 | L8: 0 | M8: =L8 -> 0 | P8: 46117 | Q8: 0 | R8: 0 | S8: 0 | T8: 0 | Y8: 0 | Z8: =Y8 -> 0
C9: 46122 | D9: 0 | E9: 0 | F9: 0 | G9: 0 | L9: 0 | M9: =M8+L9 -> 0 | P9: 46122 | Q9: 0 | R9: 0 | S9: 0 | T9: 0 | Y9: 0 | Z9: =Z8+Y9 -> 0
C10: 46127 | D10: 0 | E10: 0 | F10: 0 | G10: 0 | L10: 0 | M10: =M9+L10 -> 0 | P10: 46127 | Q10: 0 | R10: 0 | S10: 0 | T10: 0 | Y10: 0 | Z10: =Z9+Y10 -> 0
C11: 46132 | D11: 0 | E11: 0 | F11: 0 | G11: 0 | L11: 0 | M11: =M10+L11 -> 0 | P11: 46132 | Q11: 0 | R11: 0 | S11: 0 | T11: 0 | Y11: 0 | Z11: =Z10+Y11 -> 0
C12: 46137 | D12: 0 | E12: 0 | F12: 0 | G12: 0 | L12: 0 | M12: =M11+L12 -> 0 | P12: 46137 | Q12: 0 | R12: 0 | S12: 0 | T12: 0 | Y12: 0 | Z12: =Z11+Y12 -> 0
C13: 46142 | D13: 0 | E13: 0 | F13: 0 | G13: 0 | L13: 0 | M13: =M12+L13 -> 0 | P13: 46142 | Q13: 0 | R13: 0 | S13: 0 | T13: 0 | Y13: 0 | Z13: =Z12+Y13 -> 0
C14: 46147 | D14: 0 | E14: 250 | F14: =D14 -> 0 | G14: =E14 -> 250 | H14: =$K$1/$K$2*D14 -> 0 | I14: =$K$1/$K$2*E14 -> 304.97592 | J14: =H14 -> 0 | K14: =I14 -> 304.97592 | L14: 0 | M14: =M13+L14 -> 0 | P14: 46147 | Q14: 0 | R14: 0 | S14: =Q14 -> 0 | T14: =R14 -> 0 | U14: =$K$1/$K$2*Q14 -> 0 | V14: =$K$1/$K$2*R14 -> 0 | W14: =U14 -> 0 | X14: =V14 -> 0 | Y14: 0 | Z14: =Z13+Y14 -> 0
C15: 46152 | D15: 0 | E15: 135 | F15: =F14+D15 -> 0 | G15: =G14+E15 -> 385 | H15: =$K$1/$K$2*D15 -> 0 | I15: =$K$1/$K$2*E15 -> 164.687 | J15: =J14+H15 -> 0 | K15: =K14+I15 -> 469.66292 | L15: 55 | M15: =M14+L15 -> 55 | P15: 46152 | Q15: 0 | R15: 0 | S15: =S14+Q15 -> 0 | T15: =T14+R15 -> 0 | U15: =$K$1/$K$2*Q15 -> 0 | V15: =$K$1/$K$2*R15 -> 0 | W15: =W14+U15 -> 0 | X15: =X14+V15 -> 0 | Y15: 0 | Z15: =Z14+Y15 -> 0
C16: 46157 | D16: 0 | E16: 260 | F16: =F15+D16 -> 0 | G16: =G15+E16 -> 645 | H16: =$K$1/$K$2*D16 -> 0 | I16: =$K$1/$K$2*E16 -> 317.17496 | J16: =J15+H16 -> 0 | K16: =K15+I16 -> 786.83788 | L16: 55 | M16: =M15+L16 -> 110 | P16: 46157 | Q16: 0 | R16: 80 | S16: =S15+Q16 -> 0 | T16: =T15+R16 -> 80 | U16: =$K$1/$K$2*Q16 -> 0 | V16: =$K$1/$K$2*R16 -> 97.592295 | W16: =W15+U16 -> 0 | X16: =X15+V16 -> 97.592295 | Y16: 0 | Z16: =Z15+Y16 -> 0
C17: 46162 | D17: 0 | E17: 255 | F17: =F16+D17 -> 0 | G17: =G16+E17 -> 900 | H17: =$K$1/$K$2*D17 -> 0 | I17: =$K$1/$K$2*E17 -> 311.07544 | J17: =J16+H17 -> 0 | K17: =K16+I17 -> 1097.9133 | L17: 55 | M17: =M16+L17 -> 165 | P17: 46162 | Q17: 0 | R17: 160 | S17: =S16+Q17 -> 0 | T17: =T16+R17 -> 240 | U17: =$K$1/$K$2*Q17 -> 0 | V17: =$K$1/$K$2*R17 -> 195.18459 | W17: =W16+U17 -> 0 | X17: =X16+V17 -> 292.77689 | Y17: 80 | Z17: =Z16+Y17 -> 80
C18: 46167 | D18: 0 | E18: 150 | F18: =F17+D18 -> 0 | G18: =G17+E18 -> 1050 | H18: =$K$1/$K$2*D18 -> 0 | I18: =$K$1/$K$2*E18 -> 182.98555 | J18: =J17+H18 -> 0 | K18: =K17+I18 -> 1280.8989 | L18: 71 | M18: =M17+L18 -> 236 | P18: 46167 | Q18: 0 | R18: 160 | S18: =S17+Q18 -> 0 | T18: =T17+R18 -> 400 | U18: =$K$1/$K$2*Q18 -> 0 | V18: =$K$1/$K$2*R18 -> 195.18459 | W18: =W17+U18 -> 0 | X18: =X17+V18 -> 487.96148 | Y18: 160 | Z18: =Z17+Y18 -> 240
C19: 46172 | D19: 0 | E19: 110 | F19: =F18+D19 -> 0 | G19: =G18+E19 -> 1160 | H19: =$K$1/$K$2*D19 -> 0 | I19: =$K$1/$K$2*E19 -> 134.18941 | J19: =J18+H19 -> 0 | K19: =K18+I19 -> 1415.0883 | L19: 280 | M19: =M18+L19 -> 516 | P19: 46172 | Q19: 0 | R19: 80 | S19: =S18+Q19 -> 0 | T19: =T18+R19 -> 480 | U19: =$K$1/$K$2*Q19 -> 0 | V19: =$K$1/$K$2*R19 -> 97.592295 | W19: =W18+U19 -> 0 | X19: =X18+V19 -> 585.55377 | Y19: 160 | Z19: =Z18+Y19 -> 400
C20: 46177 | D20: 250 | E20: 300 | F20: =F19+D20 -> 250 | G20: =G19+E20 -> 1460 | H20: =$K$1/$K$2*D20 -> 304.97592 | I20: =$K$1/$K$2*E20 -> 365.97111 | J20: =J19+H20 -> 304.97592 | K20: =K19+I20 -> 1781.0594 | L20: 380 | M20: =M19+L20 -> 896 | P20: 46177 | Q20: 0 | R20: 80 | S20: =S19+Q20 -> 0 | T20: =T19+R20 -> 560 | U20: =$K$1/$K$2*Q20 -> 0 | V20: =$K$1/$K$2*R20 -> 97.592295 | W20: =W19+U20 -> 0 | X20: =X19+V20 -> 683.14607 | Y20: 80 | Z20: =Z19+Y20 -> 480
C21: 46182 | D21: 135 | E21: 463 | F21: =F20+D21 -> 385 | G21: =G20+E21 -> 1923 | H21: =$K$1/$K$2*D21 -> 164.687 | I21: =$K$1/$K$2*E21 -> 564.81541 | J21: =J20+H21 -> 469.66292 | L21: 270 | M21: =M20+L21 -> 1166 | P21: 46182 | Q21: 0 | R21: 80 | S21: =S20+Q21 -> 0 | T21: =T20+R21 -> 640 | U21: =$K$1/$K$2*Q21 -> 0 | V21: =$K$1/$K$2*R21 -> 97.592295 | W21: =W20+U21 -> 0 | Y21: 80 | Z21: =Z20+Y21 -> 560
C22: 46187 | D22: 260 | E22: 84 | F22: =F21+D22 -> 645 | G22: =G21+E22 -> 2007 | H22: =$K$1/$K$2*D22 -> 317.17496 | I22: =$K$1/$K$2*E22 -> 102.47191 | J22: =J21+H22 -> 786.83788 | L22: 174 | M22: =M21+L22 -> 1340 | P22: 46187 | Q22: 0 | R22: 80 | S22: =S21+Q22 -> 0 | T22: =T21+R22 -> 720 | U22: =$K$1/$K$2*Q22 -> 0 | V22: =$K$1/$K$2*R22 -> 97.592295 | W22: =W21+U22 -> 0 | Y22: 80 | Z22: =Z21+Y22 -> 640
C23: 46192 | D23: 255 | E23: 263 | F23: =F22+D23 -> 900 | G23: =G22+E23 -> 2270 | H23: =$K$1/$K$2*D23 -> 311.07544 | I23: =$K$1/$K$2*E23 -> 320.83467 | P23: 46192 | Q23: 400 | R23: 300 | S23: =S22+Q23 -> 400 | T23: =T22+R23 -> 1020 | U23: =$K$1/$K$2*Q23 -> 487.96148 | V23: =$K$1/$K$2*R23 -> 365.97111 | Y23: 80 | Z23: =Z22+Y23 -> 720
C24: 46197 | D24: 150 | E24: 230 | F24: =F23+D24 -> 1050 | G24: =G23+E24 -> 2500 | H24: =$K$1/$K$2*D24 -> 182.98555 | I24: =$K$1/$K$2*E24 -> 280.57785 | P24: 46197 | Q24: 400 | R24: 300 | S24: =S23+Q24 -> 800 | T24: =T23+R24 -> 1320 | U24: =$K$1/$K$2*Q24 -> 487.96148 | V24: =$K$1/$K$2*R24 -> 365.97111
C25: 46202 | D25: 110 | E25: 245 | F25: =F24+D25 -> 1160 | G25: =G24+E25 -> 2745 | H25: =$K$1/$K$2*D25 -> 134.18941 | I25: =$K$1/$K$2*E25 -> 298.8764 | P25: 46202 | Q25: 400 | R25: 300 | S25: =S24+Q25 -> 1200 | T25: =T24+R25 -> 1620 | U25: =$K$1/$K$2*Q25 -> 487.96148 | V25: =$K$1/$K$2*R25 -> 365.97111
C26: 46207 | D26: 300 | E26: 695 | F26: =F25+D26 -> 1460 | G26: =G25+E26 -> 3440 | H26: =$K$1/$K$2*D26 -> 365.97111 | P26: 46207 | Q26: 400 | R26: 300 | S26: =S25+Q26 -> 1600 | T26: =T25+R26 -> 1920 | U26: =$K$1/$K$2*Q26 -> 487.96148
C27: 46212 | D27: 463 | E27: 555 | F27: =F26+D27 -> 1923 | G27: =G26+E27 -> 3995 | H27: =$K$1/$K$2*D27 -> 564.81541 | P27: 46212 | Q27: 400 | R27: 300 | S27: =S26+Q27 -> 2000 | T27: =T26+R27 -> 2220 | U27: =$K$1/$K$2*Q27 -> 487.96148
C28: 46217 | D28: 84 | E28: 565 | F28: =F27+D28 -> 2007 | G28: =G27+E28 -> 4560 | P28: 46217 | Q28: 400 | R28: 300 | S28: =S27+Q28 -> 2400 | T28: =T27+R28 -> 2520
C29: 46222 | D29: 263 | E29: 870 | F29: =F28+D29 -> 2270 | G29: =G28+E29 -> 5430 | P29: 46222 | Q29: 400 | R29: 500 | S29: =S28+Q29 -> 2800 | T29: =T28+R29 -> 3020
C30: 46227 | D30: 230 | E30: 438 | F30: =F29+D30 -> 2500 | G30: =G29+E30 -> 5868 | P30: 46227 | Q30: 400 | R30: 500 | S30: =S29+Q30 -> 3200 | T30: =T29+R30 -> 3520
C31: 46232 | D31: 245 | E31: 438 | F31: =F30+D31 -> 2745 | G31: =G30+E31 -> 6306 | P31: 46232 | Q31: 400 | R31: 700 | S31: =S30+Q31 -> 3600 | T31: =T30+R31 -> 4220
C32: 46237 | D32: 695 | E32: 438 | F32: =F31+D32 -> 3440 | G32: =G31+E32 -> 6744 | P32: 46237 | Q32: 400 | R32: 700 | S32: =S31+Q32 -> 4000 | T32: =T31+R32 -> 4920
C33: 46242 | D33: 555 | E33: 438 | F33: =F32+D33 -> 3995 | G33: =G32+E33 -> 7182 | P33: 46242 | Q33: 400 | R33: 700 | S33: =S32+Q33 -> 4400 | T33: =T32+R33 -> 5620
C34: 46247 | D34: 565 | E34: 438 | F34: =F33+D34 -> 4560 | G34: =G33+E34 -> 7620 | P34: 46247 | Q34: 400 | R34: 700 | S34: =S33+Q34 -> 4800 | T34: =T33+R34 -> 6320
C35: 46252 | D35: 870 | E35: 1165 | F35: =F34+D35 -> 5430 | G35: =G34+E35 -> 8785 | P35: 46252 | Q35: 400 | R35: 700 | S35: =S34+Q35 -> 5200 | T35: =T34+R35 -> 7020
C36: 46257 | D36: 438 | F36: =F35+D36 -> 5868 | P36: 46257 | Q36: 400 | R36: 700 | S36: =S35+Q36 -> 5600 | T36: =T35+R36 -> 7720
C37: 46262 | D37: 438 | F37: =F36+D37 -> 6306 | P37: 46262 | Q37: 400 | R37: 700 | S37: =S36+Q37 -> 6000 | T37: =T36+R37 -> 8420
C38: 46267 | D38: 438 | F38: =F37+D38 -> 6744 | P38: 46267 | Q38: 600 | R38: 720 | S38: =S37+Q38 -> 6600 | T38: =T37+R38 -> 9140
C39: 46272 | D39: 438 | F39: =F38+D39 -> 7182 | P39: 46272 | Q39: 800 | R39: 700 | S39: =S38+Q39 -> 7400 | T39: =T38+R39 -> 9840
C40: 46277 | D40: 438 | F40: =F39+D40 -> 7620 | P40: 46277 | Q40: 800 | R40: 824 | S40: =S39+Q40 -> 8200 | T40: =T39+R40 -> 10664
C41: 46282 | D41: 438 | F41: =F40+D41 -> 8058 | P41: 46282 | Q41: 800 | S41: =S40+Q41 -> 9000
C42: 46287 | D42: 438 | F42: =F41+D42 -> 8496 | P42: 46287 | Q42: 800 | S42: =S41+Q42 -> 9800
C43: 46292 | D43: 289 | F43: =F42+D43 -> 8785 | P43: 46292 | Q43: 864 | S43: =S42+Q43 -> 10664
C86: OPERADOR | E86: Gensa | Q86: OPERADOR | S86: Gensa
C87: POTENCIA TOTAL | E87: 6,48 MWp | Q87: POTENCIA TOTAL | S87: 4,35 MWp
C88: USUARIOS TOTALES | E88: 4764 | Q88: USUARIOS TOTALES | S88: 2500
C90: Mes | D90: Usuarios (Plan Inicial) | E90: Usuarios (Nueva Estrat.) | F90: Usuarios Acum. (Inicial) | G90: Usuarios Acum. (Nueva) | H90: Potencia kW (Plan Inicial) | I90: Potencia kW (Nueva Estrat.) | J90: Potencia Acum. (Inicial) | K90: Potencia Acum. (Nueva) | L90: Usuarios Ejcutado | M90: Usuarios Ejcutado Acumulado | Q90: Mes | R90: Usuarios (Plan Inicial) | S90: Usuarios (Nueva Estrat.) | T90: Usuarios Acum. (Inicial) | U90: Usuarios Acum. (Nueva) | V90: Potencia kW (Plan Inicial) | W90: Potencia kW (Nueva Estrat.) | X90: Potencia Acum. (Inicial) | Y90: Potencia Acum. (Nueva) | Z90: Usuarios Ejcutado | AA90: Usuarios Ejcutado Acumulado
C91: 46117 | D91: 0 | E91: 0 | F91: 0 | G91: 0 | L91: 0 | M91: =L91 -> 0 | Q91: 46117 | R91: 0 | S91: 0 | T91: 0 | U91: 0 | Z91: 0 | AA91: =Z91 -> 0
C92: 46122 | D92: 0 | E92: 0 | F92: 0 | G92: 0 | L92: 0 | M92: =M91+L92 -> 0 | Q92: 46122 | R92: 0 | S92: 0 | T92: 0 | U92: 0 | Z92: 0 | AA92: =AA91+Z92 -> 0
C93: 46127 | D93: 0 | E93: 0 | F93: 0 | G93: 0 | L93: 0 | M93: =M92+L93 -> 0 | Q93: 46127 | R93: 0 | S93: 0 | T93: 0 | U93: 0 | Z93: 0 | AA93: =AA92+Z93 -> 0
C94: 46132 | D94: 0 | E94: 0 | F94: 0 | G94: 0 | L94: 0 | M94: =M93+L94 -> 0 | Q94: 46132 | R94: 0 | S94: 0 | T94: 0 | U94: 0 | Z94: 0 | AA94: =AA93+Z94 -> 0
C95: 46137 | D95: 0 | E95: 0 | F95: 0 | G95: 0 | L95: 0 | M95: =M94+L95 -> 0 | Q95: 46137 | R95: 0 | S95: 0 | T95: 0 | U95: 0 | Z95: 0 | AA95: =AA94+Z95 -> 0
C96: 46142 | D96: 0 | E96: 0 | F96: 0 | G96: 0 | L96: 0 | M96: =M95+L96 -> 0 | Q96: 46142 | R96: 0 | S96: 0 | T96: 0 | U96: 0 | Z96: 0 | AA96: =AA95+Z96 -> 0
C97: 46147 | D97: 0 | E97: 0 | F97: =D97 -> 0 | G97: =E97 -> 0 | H97: =$K$1/$K$2*D97 -> 0 | I97: =$K$1/$K$2*E97 -> 0 | J97: =H97 -> 0 | K97: =I97 -> 0 | L97: 0 | M97: =M96+L97 -> 0 | Q97: 46147 | R97: 0 | S97: 0 | T97: =R97 -> 0 | U97: =S97 -> 0 | V97: =$K$1/$K$2*R97 -> 0 | W97: =$K$1/$K$2*S97 -> 0 | X97: =V97 -> 0 | Y97: =W97 -> 0 | Z97: 0 | AA97: =AA96+Z97 -> 0
C98: 46152 | D98: 0 | E98: 0 | F98: =F97+D98 -> 0 | G98: =G97+E98 -> 0 | H98: =$K$1/$K$2*D98 -> 0 | I98: =$K$1/$K$2*E98 -> 0 | J98: =J97+H98 -> 0 | K98: =K97+I98 -> 0 | L98: 55 | M98: 0 | Q98: 46152 | R98: 0 | S98: 0 | T98: =T97+R98 -> 0 | U98: =U97+S98 -> 0 | V98: =$K$1/$K$2*R98 -> 0 | W98: =$K$1/$K$2*S98 -> 0 | X98: =X97+V98 -> 0 | Y98: =Y97+W98 -> 0 | Z98: 0 | AA98: =AA97+Z98 -> 0
C99: 46157 | D99: 0 | E99: 0 | F99: =F98+D99 -> 0 | G99: =G98+E99 -> 0 | H99: =$K$1/$K$2*D99 -> 0 | I99: =$K$1/$K$2*E99 -> 0 | J99: =J98+H99 -> 0 | K99: =K98+I99 -> 0 | L99: 55 | M99: 0 | Q99: 46157 | R99: 0 | S99: 0 | T99: =T98+R99 -> 0 | U99: =U98+S99 -> 0 | V99: =$K$1/$K$2*R99 -> 0 | W99: =$K$1/$K$2*S99 -> 0 | X99: =X98+V99 -> 0 | Y99: =Y98+W99 -> 0 | Z99: 0 | AA99: =AA98+Z99 -> 0
C100: 46162 | D100: 0 | E100: 0 | F100: =F99+D100 -> 0 | G100: =G99+E100 -> 0 | H100: =$K$1/$K$2*D100 -> 0 | I100: =$K$1/$K$2*E100 -> 0 | J100: =J99+H100 -> 0 | K100: =K99+I100 -> 0 | L100: 55 | M100: 0 | Q100: 46162 | R100: 0 | S100: 0 | T100: =T99+R100 -> 0 | U100: =U99+S100 -> 0 | V100: =$K$1/$K$2*R100 -> 0 | W100: =$K$1/$K$2*S100 -> 0 | X100: =X99+V100 -> 0 | Y100: =Y99+W100 -> 0 | Z100: 0 | AA100: =AA99+Z100 -> 0
C101: 46167 | D101: 0 | E101: 0 | F101: =F100+D101 -> 0 | G101: =G100+E101 -> 0 | H101: =$K$1/$K$2*D101 -> 0 | I101: =$K$1/$K$2*E101 -> 0 | J101: =J100+H101 -> 0 | K101: =K100+I101 -> 0 | L101: 71 | M101: 0 | Q101: 46167 | R101: 0 | S101: 100 | T101: =T100+R101 -> 0 | U101: =U100+S101 -> 100 | V101: =$K$1/$K$2*R101 -> 0 | W101: =$K$1/$K$2*S101 -> 121.99037 | X101: =X100+V101 -> 0 | Y101: =Y100+W101 -> 121.99037 | Z101: 20 | AA101: =AA100+Z101 -> 20
C102: 46172 | D102: 0 | E102: 0 | F102: =F101+D102 -> 0 | G102: =G101+E102 -> 0 | H102: =$K$1/$K$2*D102 -> 0 | I102: =$K$1/$K$2*E102 -> 0 | J102: =J101+H102 -> 0 | K102: =K101+I102 -> 0 | L102: 280 | M102: 0 | Q102: 46172 | R102: 0 | S102: 412 | T102: =T101+R102 -> 0 | U102: =U101+S102 -> 512 | V102: =$K$1/$K$2*R102 -> 0 | W102: =$K$1/$K$2*S102 -> 502.60032 | X102: =X101+V102 -> 0 | Y102: =Y101+W102 -> 624.59069 | Z102: 480 | AA102: =AA101+Z102 -> 500
C103: 46177 | D103: 0 | E103: 0 | F103: =F102+D103 -> 0 | G103: =G102+E103 -> 0 | H103: =$K$1/$K$2*D103 -> 0 | I103: =$K$1/$K$2*E103 -> 0 | J103: =J102+H103 -> 0 | K103: =K102+I103 -> 0 | L103: 380 | M103: 0 | Q103: 46177 | R103: 0 | S103: 60 | T103: =T102+R103 -> 0 | U103: =U102+S103 -> 572 | V103: =$K$1/$K$2*R103 -> 0 | W103: =$K$1/$K$2*S103 -> 73.194222 | X103: =X102+V103 -> 0 | Y103: =Y102+W103 -> 697.78491
C104: 46182 | D104: 0 | E104: 0 | F104: =F103+D104 -> 0 | G104: =G103+E104 -> 0 | H104: =$K$1/$K$2*D104 -> 0 | I104: =$K$1/$K$2*E104 -> 0 | J104: =J103+H104 -> 0 | L104: 270 | M104: 0 | Q104: 46182 | R104: 0 | S104: 60 | T104: =T103+R104 -> 0 | U104: =U103+S104 -> 632 | V104: =$K$1/$K$2*R104 -> 0 | W104: =$K$1/$K$2*S104 -> 73.194222 | X104: =X103+V104 -> 0
C105: 46187 | D105: 0 | E105: 255 | F105: =F104+D105 -> 0 | G105: =G104+E105 -> 255 | H105: =$K$1/$K$2*D105 -> 0 | I105: =$K$1/$K$2*E105 -> 311.07544 | J105: =J104+H105 -> 0 | L105: 174 | M105: 0 | Q105: 46187 | R105: 0 | S105: 60 | T105: =T104+R105 -> 0 | U105: =U104+S105 -> 692 | V105: =$K$1/$K$2*R105 -> 0 | W105: =$K$1/$K$2*S105 -> 73.194222 | X105: =X104+V105 -> 0
C106: 46192 | D106: 0 | E106: 150 | F106: =F105+D106 -> 0 | G106: =G105+E106 -> 405 | H106: =$K$1/$K$2*D106 -> 0 | I106: =$K$1/$K$2*E106 -> 182.98555 | Q106: 46192 | R106: 0 | S106: 120 | T106: =T105+R106 -> 0 | U106: =U105+S106 -> 812 | V106: =$K$1/$K$2*R106 -> 0 | W106: =$K$1/$K$2*S106 -> 146.38844
C107: 46197 | D107: 220 | E107: 370 | F107: =F106+D107 -> 220 | G107: =G106+E107 -> 775 | H107: =$K$1/$K$2*D107 -> 268.37881 | I107: =$K$1/$K$2*E107 -> 451.36437 | Q107: 46197 | R107: 0 | S107: 120 | T107: =T106+R107 -> 0 | U107: =U106+S107 -> 932 | V107: =$K$1/$K$2*R107 -> 0 | W107: =$K$1/$K$2*S107 -> 146.38844
C108: 46202 | D108: 220 | E108: 325 | F108: =F107+D108 -> 440 | G108: =G107+E108 -> 1100 | H108: =$K$1/$K$2*D108 -> 268.37881 | I108: =$K$1/$K$2*E108 -> 396.4687 | Q108: 46202 | R108: 0 | S108: 120 | T108: =T107+R108 -> 0 | U108: =U107+S108 -> 1052 | V108: =$K$1/$K$2*R108 -> 0 | W108: =$K$1/$K$2*S108 -> 146.38844
C109: 46207 | D109: 220 | E109: 120 | F109: =F108+D109 -> 660 | G109: =G108+E109 -> 1220 | H109: =$K$1/$K$2*D109 -> 268.37881 | Q109: 46207 | R109: 0 | S109: 148 | T109: =T108+R109 -> 0 | U109: =U108+S109 -> 1200 | V109: =$K$1/$K$2*R109 -> 0
C110: 46212 | D110: 220 | E110: 62 | F110: =F109+D110 -> 880 | G110: =G109+E110 -> 1282 | H110: =$K$1/$K$2*D110 -> 268.37881 | Q110: 46212 | R110: 0 | S110: 220 | T110: =T109+R110 -> 0 | U110: =U109+S110 -> 1420 | V110: =$K$1/$K$2*R110 -> 0
C111: 46217 | D111: 220 | E111: 268 | F111: =F110+D111 -> 1100 | G111: =G110+E111 -> 1550 | Q111: 46217 | R111: 0 | S111: 300 | T111: =T110+R111 -> 0 | U111: =U110+S111 -> 1720
C112: 46222 | D112: 220 | E112: 310 | F112: =F111+D112 -> 1320 | G112: =G111+E112 -> 1860 | Q112: 46222 | R112: 120 | S112: 200 | T112: =T111+R112 -> 120 | U112: =U111+S112 -> 1920
C113: 46227 | D113: 220 | E113: 125 | F113: =F112+D113 -> 1540 | G113: =G112+E113 -> 1985 | Q113: 46227 | R113: 120 | S113: 200 | T113: =T112+R113 -> 240 | U113: =U112+S113 -> 2120
C114: 46232 | D114: 220 | E114: 25 | F114: =F113+D114 -> 1760 | G114: =G113+E114 -> 2010 | Q114: 46232 | R114: 120 | S114: 200 | T114: =T113+R114 -> 360 | U114: =U113+S114 -> 2320
C115: 46237 | D115: 220 | E115: 220 | F115: =F114+D115 -> 1980 | G115: =G114+E115 -> 2230 | Q115: 46237 | R115: 120 | S115: 180 | T115: =T114+R115 -> 480 | U115: =U114+S115 -> 2500
C116: 46242 | D116: 220 | E116: 70 | F116: =F115+D116 -> 2200 | G116: =G115+E116 -> 2300 | Q116: 46242 | R116: 120 | T116: =T115+R116 -> 600
C117: 46247 | D117: 220 | E117: 100 | F117: =F116+D117 -> 2420 | G117: =G116+E117 -> 2400 | Q117: 46247 | R117: 120 | T117: =T116+R117 -> 720
C118: 46252 | D118: 220 | E118: 395 | F118: =F117+D118 -> 2640 | G118: =G117+E118 -> 2795 | Q118: 46252 | R118: 120 | T118: =T117+R118 -> 840
C119: 46257 | D119: 220 | E119: 745 | F119: =F118+D119 -> 2860 | G119: =G118+E119 -> 3540 | Q119: 46257 | R119: 120 | T119: =T118+R119 -> 960
C120: 46262 | D120: 220 | E120: 75 | F120: =F119+D120 -> 3080 | G120: =G119+E120 -> 3615 | Q120: 46262 | R120: 120 | T120: =T119+R120 -> 1080
C121: 46267 | D121: 220 | E121: 120 | F121: =F120+D121 -> 3300 | G121: =G120+E121 -> 3735 | Q121: 46267 | R121: 120 | T121: =T120+R121 -> 1200
C122: 46272 | D122: 220 | E122: 1029 | F122: =F121+D122 -> 3520 | G122: =G121+E122 -> 4764 | Q122: 46272 | R122: 120 | T122: =T121+R122 -> 1320
C123: 46277 | D123: 280 | F123: =F122+D123 -> 3800 | Q123: 46277 | R123: 280 | T123: =T122+R123 -> 1600
C124: 46282 | D124: 280 | F124: =F123+D124 -> 4080 | Q124: 46282 | R124: 280 | T124: =T123+R124 -> 1880
C125: 46287 | D125: 320 | F125: =F124+D125 -> 4400 | Q125: 46287 | R125: 280 | T125: =T124+R125 -> 2160
C126: 46292 | D126: 364 | F126: =F125+D126 -> 4764 | Q126: 46292 | R126: 340 | T126: =T125+R126 -> 2500
C173: OPERADOR | E173: GENERAL
C174: POTENCIA TOTAL | E174: 32,39 MWp
C175: USUARIOS TOTALES | E175: 26713
C177: Mes | D177: Usuarios (Plan Inicial) | E177: Usuarios (Nueva Estrat.) | F177: Usuarios Acum. (Inicial) | G177: Usuarios Acum. (Nueva) | H177: Potencia kW (Plan Inicial) | I177: Potencia kW (Nueva Estrat.) | J177: Potencia Acum. (Inicial) | K177: Potencia Acum. (Nueva) | L177: Usuarios Ejcutado | M177: Usuarios Ejcutado Acumulado
C178: 46117 | D178: =D8+Q8+D91+R91 -> 0 | E178: =E8+R8+E91+S91 -> 0 | F178: =D178 -> 0 | G178: =E178 -> 0 | L178: =L8+Y8+L91+Z91 -> 0 | M178: =L178 -> 0
C179: 46122 | D179: =D9+Q9+D92+R92 -> 0 | E179: =E9+R9+E92+S92 -> 0 | F179: =F178+D179 -> 0 | G179: =G178+E179 -> 0 | L179: =L9+Y9+L92+Z92 -> 0 | M179: =M178+L179 -> 0
C180: 46127 | D180: =D10+Q10+D93+R93 -> 0 | E180: =E10+R10+E93+S93 -> 0 | F180: =F179+D180 -> 0 | G180: =G179+E180 -> 0 | L180: =L10+Y10+L93+Z93 -> 0 | M180: =M179+L180 -> 0
C181: 46132 | D181: =D11+Q11+D94+R94 -> 0 | E181: =E11+R11+E94+S94 -> 0 | F181: =F180+D181 -> 0 | G181: =G180+E181 -> 0 | L181: =L11+Y11+L94+Z94 -> 0 | M181: =M180+L181 -> 0
C182: 46137 | D182: =D12+Q12+D95+R95 -> 0 | E182: =E12+R12+E95+S95 -> 0 | F182: =F181+D182 -> 0 | G182: =G181+E182 -> 0 | L182: =L12+Y12+L95+Z95 -> 0 | M182: =M181+L182 -> 0
C183: 46142 | D183: =D13+Q13+D96+R96 -> 0 | E183: =E13+R13+E96+S96 -> 0 | F183: =F182+D183 -> 0 | G183: =G182+E183 -> 0 | L183: =L13+Y13+L96+Z96 -> 0 | M183: =M182+L183 -> 0
C184: 46147 | D184: =D14+Q14+D97+R97 -> 0 | E184: =E14+R14+E97+S97 -> 250 | F184: =F183+D184 -> 0 | G184: =G183+E184 -> 250 | H184: =$K$1/$K$2*D184 -> 0 | I184: =$K$1/$K$2*E184 -> 304.97592 | J184: =H184 -> 0 | K184: =I184 -> 304.97592 | L184: =L14+Y14+L97+Z97 -> 0 | M184: =M183+L184 -> 0
C185: 46152 | D185: =D15+Q15+D98+R98 -> 0 | E185: =E15+R15+E98+S98 -> 135 | F185: =F184+D185 -> 0 | G185: =G184+E185 -> 385 | H185: =$K$1/$K$2*D185 -> 0 | I185: =$K$1/$K$2*E185 -> 164.687 | J185: =J184+H185 -> 0 | K185: =K184+I185 -> 469.66292 | L185: =L15+Y15+L98+Z98 -> 110 | M185: =M184+L185 -> 110
C186: 46157 | D186: =D16+Q16+D99+R99 -> 0 | E186: =E16+R16+E99+S99 -> 340 | F186: =F185+D186 -> 0 | G186: =G185+E186 -> 725 | H186: =$K$1/$K$2*D186 -> 0 | I186: =$K$1/$K$2*E186 -> 414.76726 | J186: =J185+H186 -> 0 | K186: =K185+I186 -> 884.43018 | L186: =L16+Y16+L99+Z99 -> 110 | M186: =M185+L186 -> 220
C187: 46162 | D187: =D17+Q17+D100+R100 -> 0 | E187: =E17+R17+E100+S100 -> 415 | F187: =F186+D187 -> 0 | G187: =G186+E187 -> 1140 | H187: =$K$1/$K$2*D187 -> 0 | I187: =$K$1/$K$2*E187 -> 506.26003 | J187: =J186+H187 -> 0 | K187: =K186+I187 -> 1390.6902 | L187: =L17+Y17+L100+Z100 -> 190 | M187: =M186+L187 -> 410
C188: 46167 | D188: =D18+Q18+D101+R101 -> 0 | E188: =E18+R18+E101+S101 -> 410 | F188: =F187+D188 -> 0 | G188: =G187+E188 -> 1550 | H188: =$K$1/$K$2*D188 -> 0 | I188: =$K$1/$K$2*E188 -> 500.16051 | J188: =J187+H188 -> 0 | K188: =K187+I188 -> 1890.8507 | L188: =L18+Y18+L101+Z101 -> 322 | M188: =M187+L188 -> 732
C189: 46172 | D189: =D19+Q19+D102+R102 -> 0 | E189: =E19+R19+E102+S102 -> 602 | F189: =F188+D189 -> 0 | G189: =G188+E189 -> 2152 | H189: =$K$1/$K$2*D189 -> 0 | I189: =$K$1/$K$2*E189 -> 734.38202 | J189: =J188+H189 -> 0 | K189: =K188+I189 -> 2625.2327 | L189: =L19+Y19+L102+Z102 -> 1200 | M189: =M188+L189 -> 1932
C190: 46177 | D190: =D20+Q20+D103+R103 -> 250 | E190: =E20+R20+E103+S103 -> 440 | F190: =F189+D190 -> 250 | G190: =G189+E190 -> 2592 | H190: =$K$1/$K$2*D190 -> 304.97592 | I190: =$K$1/$K$2*E190 -> 536.75762 | J190: =J189+H190 -> 304.97592 | K190: =K189+I190 -> 3161.9904 | L190: =L20+Y20+L103+Z103 -> 840 | M190: =M189+L190 -> 2772
C191: 46182 | D191: =D21+Q21+D104+R104 -> 135 | E191: =E21+R21+E104+S104 -> 603 | F191: =F190+D191 -> 385 | G191: =G190+E191 -> 3195 | H191: =$K$1/$K$2*D191 -> 164.687 | I191: =$K$1/$K$2*E191 -> 735.60193 | J191: =J190+H191 -> 469.66292 | L191: =L21+Y21+L104+Z104 -> 620 | M191: =M190+L191 -> 3392
C192: 46187 | D192: =D22+Q22+D105+R105 -> 260 | E192: =E22+R22+E105+S105 -> 479 | F192: =F191+D192 -> 645 | G192: =G191+E192 -> 3674 | H192: =$K$1/$K$2*D192 -> 317.17496 | I192: =$K$1/$K$2*E192 -> 584.33387 | J192: =J191+H192 -> 786.83788 | L192: =L22+Y22+L105+Z105 -> 428 | M192: =M191+L192 -> 3820
...

Sheet TD 
A1: Operador de Red | B1: (Todas)
A3: Suma de 30/05/2026 | B3: Suma de 04/06/2026 | C3: Suma de 09/06/2026 | D3: Suma de 14/06/2026 | E3: Suma de 20/06/2026 | F3: Suma de 25/06/2026 | G3: Suma de 30/06/2026 | H3: Suma de 05/07/2026 | I3: Suma de 10/07/2026 | J3: Suma de 15/07/2026 | K3: Suma de 20/07/2026 | L3: Suma de 25/07/2026 | M3: Suma de 30/07/2026
A4: 3542 | B4: 4270 | C4: 5383 | D4: 5522 | E4: 5880 | F4: 7105 | G4: 8220 | H4: 10415 | I4: 12815 | J4: 15675 | K4: 18820 | L4: 21578 | M4: 28544

Sheet Base General_OR_Inicial
A1: N° | B1: DEPARTAMENTO | C1: MUNICIPIO | D1: VALOR | E1: N° CE | F1: USUARIOS | G1: Potencia (mWp) | H1: OR/Generador | I1: TIPO DE PROYECTO | J1: ZONA
A2: 1 | B2: AMAZONAS | C2: AMAZONAS | D2: 53908378733 | E2: 23 | F2: 1367 | G2: 2.02 | H2: ENAM | I2: CENTRALIZADO | J2: ZNI
A3: 2 | B3: CAQUETA | C3: CARTAGENA DEL CHAIIRA | D3: 24437339433 | E3: 69 | F3: 755 | G3: 1.52 | H3: GENSA | I3: INDIVIDUALES | J3: ZNI
A4: 3 | B4: CESAR | C4: BECERRIL | D4: 18447808737 | E4: 57 | F4: 623 | G4: 0.76 | H4: ELECTROCAQUETA | I4: INDIVUDUALES | J4: ZNI
A5: 4 | B5: CESAR | C5: CURUMANI | D5: 18114661005 | E5: 57 | F5: 624 | G5: 0.76 | H5: ELECTROCAQUETA | I5: INDIVUDUALES | J5: ZNI
A6: 5 | B6: CHOCO | C6: NUQUI | D6: 79316865070 | E6: 34 | F6: 2036 | G6: 4 | H6: DISPAC | I6: CENTRALIZADO | J6: ZNI
A7: 6 | B7: CHOCO | C7: BAHIA SOLANO | D7: 83008042889 | E7: 38 | F7: 2295 | G7: 3 | H7: GENSA | I7: CENTRALIZADO | J7: ZNI
A8: 7 | B8: LA GUAJIRA | C8: MAICAO Y ALBANIA | D8: 322709746890 | E8: 969 | F8: 10664 | G8: 11.73 | H8: DISPAC | I8: INDIVIDUALES | J8: ZNI
A9: 8 | B9: LA GUAJIRA | C9: URIBIA | D9: 30713269905 | E9: 91 | F9: 1000 | G9: 1.2 | H9: GENSA | I9: INDIVIDUALES | J9: ZNI
A10: 9 | B10: MAGDALENA | C10: SANTA MARTA | D10: 51087244522 | E10: 144 | F10: 1581 | G10: 1.74 | H10: ELECTROCAQUETA | I10: INDIVIDUALES | J10: ZNI
A11: 10 | B11: META | C11: LA URIBE | D11: 31420264769 | E11: 91 | F11: 1003 | G11: 1.21 | H11: GENSA | I11: INDIVIDUALES | J11: ZNI
A12: 11 | B12: NARIÑO | C12: RICAURTE | D12: 27742028640 | E12: 78 | F12: 862 | G12: 0.95 | H12: ELECTROCAQUETA | I12: INDIVIDUALES | J12: ZNI
A13: 12 | B13: NORTE DE SANTANDER | C13: TEORAMA EL CARMEN CONVENCIÓN HACARI SAN CALIXTO TIBU | D13: 121589085878 | E13: 344 | F13: 3783 | G13: 4.16 | H13: ELECTROCAQUETA | I13: INDIVIDUALES | J13: ZNI
... A19: 18 | B19: SANTANDER | C19: GUACA | D19: 4402514558 | E19: 14 | F19: 154 | G19: 0.19 | H19: ELECTROCAQUETA | I19: INDIVIDUALES | J19: ZNI
A20: TOTAL | D20: =+SUM(D2:D19) -> 968268668130 | E20: =+SUM(E2:E19) -> 2297 | F20: =+SUM(F2:F19) -> 29911 | G20: =+SUM(G2:G19) -> 37.06

Sheet Base
C2: CONTRATISTA/ENTIDAD | D2: DEPARTAMENTO | E2: PROYECTO | F2: MUNICIPIO | G2: PROGRAMA | H2: TIPO DE SOLUCIÓN | I2: INVERSIÓN | J2: FECHA | K2: MES | L2: PLANEADO (USUARIOS) | M2: EJECUTADO (USUARIOS) | N2: CAPACIDAD (kWp) (PLANEADA) | O2: CAPACIDAD (kWp) (EJECUTADA) | P2: EFICIENCIA
B3: 18447808737 | C3: Electrocaqueta | D3: Cesar | E3: Becerril | F3: Becerril | G3: Comunidades Energéticas OR | H3: Individual | I3: =$B$3/623*L3 -> 5.92225e+09 | J3: 46162 | K3: Mayo | L3: 200 | M3: ='Seguimiento Diario'!E4 -> 180 | N3: =760/623*L3 -> 243.98074 | O3: =N3/L3*M3 -> 219.58266 | P3: =M3/L3 -> 0.9
B4: 18447808737 | C4: Electrocaqueta | D4: Cesar | E4: Becerril | F4: Becerril | G4: Comunidades Energéticas OR | H4: Individual | I4: =$B$3/623*L4 -> 5.92225e+09 | J4: 46184 | K4: Junio | L4: 200 | M4: ='Seguimiento Diario'!F4 -> 0 | N4: =760/623*L4 -> 243.98074 | O4: =N4/L4*M4 -> 0 | P4: =M4/L4 -> 0
C5: Electrocaqueta | D5: Cesar | E5: Becerril | F5: Becerril | G5: Comunidades Energéticas OR | H5: Individual | I5: =$B$3/623*L5 -> 6.6033087e+09 | J5: 46228 | K5: Julio | L5: 223 | M5: ='Seguimiento Diario'!G4 -> 0 | N5: =760/623*L5 -> 272.03852 | O5: =N5/L5*M5 -> 0 | P5: =M5/L5 -> 0
B6: 18114661005 | C6: Electrocaqueta | D6: Cesar | E6: Curumaní | F6: Curumaní | G6: Comunidades Energéticas OR | H6: Individual | I6: =($B$6/624)*L6 -> 2.9029905e+09 | J6: 46162 | K6: Mayo | L6: 100 | M6: ='Seguimiento Diario'!E5 -> 0 | N6: =(760/624)*L6 -> 121.79487 | O6: =N6/L6*M6 -> 0 | P6: =M6/L6 -> 0
C7: Electrocaqueta | D7: Cesar | E7: Curumaní | F7: Curumaní | G7: Comunidades Energéticas OR | H7: Individual | I7: =($B$6/624)*L7 -> 4.3544858e+09 | J7: 46184 | K7: Junio | L7: 150 | M7: ='Seguimiento Diario'!F5 -> 0 | N7: =(760/624)*L7 -> 182.69231 | O7: =N7/L7*M7 -> 0 | P7: =M7/L7 -> 0
C8: Electrocaqueta | D8: Cesar | E8: Curumaní | F8: Curumaní | G8: Comunidades Energéticas OR | H8: Individual | I8: =($B$6/624)*L8 -> 1.0857185e+10 | J8: 46228 | K8: Julio | L8: =624-(L6+L7) -> 374 | M8: ='Seguimiento Diario'!G5 -> 0 | N8: =(760/624)*L8 -> 455.51282 | O8: =N8/L8*M8 -> 0 | P8: =M8/L8 -> 0
B9: 51087244522 | C9: Electrocaqueta | D9: Magdalena | E9: Santa Marta | F9: Santa Marta | G9: Comunidades Energéticas OR | H9: Individual | I9: =$B$9/1581*L9 -> 1.6156624e+10 | J9: 46184 | K9: Junio | L9: 500 | M9: ='Seguimiento Diario'!F6 -> 0 | N9: =1740/1581*L9 -> 550.28463 | O9: =N9/L9*M9 -> 0 | P9: =M9/L9 -> 0
C10: Electrocaqueta | D10: Magdalena | E10: Santa Marta | F10: Santa Marta | G10: Comunidades Energéticas OR | H10: Individual | I10: =$B$9/1581*L10 -> 3.4930621e+10 | J10: 46228 | K10: Julio | L10: =1581-L9 -> 1081 | M10: ='Seguimiento Diario'!G6 -> 0 | N10: =1740/1581*L10 -> 1189.7154 | O10: =N10/L10*M10 -> 0 | P10: =M10/L10 -> 0
B11: 37573918087 | C11: Electrocaqueta | D11: Santander | E11: Santander | F11: Bolivar, Charalá, El Peñón, Florian, La Belleza, Landazuri, Ocamonte, Simac ota, Sucre, zapatoca | G11: Comunidades Energéticas OR | H11: Individual | I11: =$B$11/1158*L11 -> 2.2713077e+10 | J11: 46184 | K11: Junio | L11: 700 | M11: ='Seguimiento Diario'!F7 -> 0 | N11: =1270/1158*L11 -> 767.70294 | O11: =N11/L11*M11 -> 0 | P11: =M11/L11 -> 0
C12: Electrocaqueta | D12: Santander | E12: Santander | F12: Bolivar, Charalá, El Peñón, Florian, La Belleza, Landazuri, Ocamonte, Simac ota, Sucre, zapatoca | G12: Comunidades Energéticas OR | H12: Individual | I12: =$B$11/1158*L12 -> 1.4860842e+10 | J12: 46228 | K12: Julio | L12: =1158-L11 -> 458 | M12: ='Seguimiento Diario'!G7 -> 0 | N12: =1270/1158*L12 -> 502.29706 | O12: =N12/L12*M12 -> 0 | P12: =M12/L12 -> 0
B13: 4402514558 | C13: Electrocaqueta | D13: Santander | E13: Guaca | F13: Guaca | G13: Comunidades Energéticas OR | H13: Individual | I13: =$B$13/154*L13 -> 2.3727838e+09 | J13: 46184 | K13: Junio | L13: 83 | M13: ='Seguimiento Diario'!F8 -> 0 | N13: =190/154*L13 -> 102.4026 | O13: =N13/L13*M13 -> 0 | P13: =M13/L13 -> 0
C14: Electrocaqueta | D14: Santander | E14: Guaca | F14: Guaca | G14: Comunidades Energéticas OR | H14: Individual | I14: =$B$13/154*L14 -> 2.0297307e+09 | J14: 46228 | K14: Julio | L14: =154-L13 -> 71 | M14: ='Seguimiento Diario'!G8 -> 0 | N14: =190/154*L14 -> 87.597403 | O14: =N14/L14*M14 -> 0 | P14: =M14/L14 -> 0
B15: 27742028640 | C15: Electrocaqueta | D15: Nariño | E15: Ricaurte | F15: Ricaurte | G15: Comunidades Energéticas OR | H15: Individual | I15: =$B$15/862*L15 -> 3.2183328e+08 | J15: 46184 | K15: Junio | L15: 10 | M15: ='Seguimiento Diario'!F9 -> 0 | N15: =950/862*L15 -> 11.020882 | O15: =N15/L15*M15 -> 0 | P15: =M15/L15 -> 0
C16: Electrocaqueta | D16: Nariño | E16: Ricaurte | F16: Ricaurte | G16: Comunidades Energéticas OR | H16: Individual | I16: =$B$15/862*L16 -> 2.7420195e+10 | J16: 46228 | K16: Julio | L16: =862-L15 -> 852 | M16: ='Seguimiento Diario'!G9 -> 0 | N16: =950/862*L16 -> 938.97912 | O16: =N16/L16*M16 -> 0 | P16: =M16/L16 -> 0
C17: Electrocaqueta | D17: Norte de Santander | E17: Norte de Santander | F17: TEORAMA EL CARMEN CONVENCIÓN HACARI SAN CALIXTO TIBU | G17: Comunidades Energéticas OR | H17: Individual | I17: 121589085878 | J17: 46228 | K17: Julio | L17: 3783 | M17: ='Seguimiento Diario'!G10 -> 0 | N17: =4160/3783*L17 -> 4160 | O17: =N17/L17*M17 -> 0 | P17: =M17/L17 -> 0
B18: 322709746890 | C18: Dispac | D18: La Guajira | E18: Maicao y Albania | F18: Maicao y Albania | G18: Comunidades Energéticas OR | H18: Individual | I18: =$B$18/10664*L18 -> 1.2104642e+10 | J18: 46167 | K18: Mayo | L18: 400 | M18: ='Seguimiento Diario'!E11 -> 0 | N18: =11730/10664*L18 -> 439.985 | O18: =N18/L18*M18 -> 0 | P18: =M18/L18 -> 0
C19: Dispac | D19: La Guajira | E19: Maicao y Albania | F19: Maicao y Albania | G19: Comunidades Energéticas OR | H19: Individual | I19: =$B$18/10664*L19 -> 1.2104642e+10 | J19: 46188 | K19: Junio | L19: 400 | M19: ='Seguimiento Diario'!F11 -> 0 | N19: =11730/10664*L19 -> 439.985 | O19: =N19/L19*M19 -> 0 | P19: =M19/L19 -> 0
C20: Dispac | D20: La Guajira | E20: Maicao y Albania | F20: Maicao y Albania | G20: Comunidades Energéticas OR | H20: Individual | I20: =$B$18/10664*L20 -> 2.9850046e+11 | J20: 46228 | K20: Julio | L20: =10664-(L18+L19) -> 9864 | M20: ='Seguimiento Diario'!G11 -> 0 | N20: =11730/10664*L20 -> 10850.03 | O20: =N20/L20*M20 -> 0 | P20: =M20/L20 -> 0
B21: 24437339433 | C21: Gensa | D21: Caqueta | E21: Cartagena del Chaiira | F21: Cartagena del Chaiira | G21: Comunidades Energéticas OR | H21: Individual | I21: =$B$21/755*L21 -> 6.4734674e+09 | J21: 46162 | K21: Mayo | L21: 200 | M21: ='Seguimiento Diario'!E12 -> 0 | N21: =1520/755*L21 -> 402.64901 | O21: =N21/L21*M21 -> 0 | P21: =M21/L21 -> 0
C22: Gensa | D22: Caqueta | E22: Cartagena del Chaiira | F22: Cartagena del Chaiira | G22: Comunidades Energéticas OR | H22: Individual | I22: =$B$21/755*L22 -> 6.4734674e+09 | J22: 46193 | K22: Junio | L22: 200 | M22: ='Seguimiento Diario'!F12 -> 0 | N22: =1520/755*L22 -> 402.64901 | O22: =N22/L22*M22 -> 0 | P22: =M22/L22 -> 0
C23: Gensa | D23: Caqueta | E23: Cartagena del Chaiira | F23: Cartagena del Chaiira | G23: Comunidades Energéticas OR | H23: Individual | I23: =$B$21/755*L23 -> 1.1490405e+10 | J23: 46228 | K23: Julio | L23: =755-(L21+L22) -> 355 | M23: ='Seguimiento Diario'!G12 -> 0 | N23: =1520/755*L23 -> 714.70199 | O23: =N23/L23*M23 -> 0 | P23: =M23/L23 -> 0
B24: 31420264769 | C24: Gensa | D24: Meta | E24: La Uribe | F24: La Uribe | G24: Comunidades Energéticas OR | H24: Individual | I24: =$B$24/1003*L24 -> 6.2652572e+09 | J24: 46172 | K24: Mayo | L24: 200 | M24: ='Seguimiento Diario'!E13 -> 0 | N24: =1210/1003*L24 -> 241.27617 | O24: =N24/L24*M24 -> 0 | P24: =M24/L24 -> 0
C25: Gensa | D25: Meta | E25: La Uribe | F25: La Uribe | G25: Comunidades Energéticas OR | H25: Individual | I25: =$B$24/1003*L25 -> 9.3978858e+09 | J25: 46193 | K25: Junio | L25: 300 | M25: ='Seguimiento Diario'!F13 -> 0 | N25: =1210/1003*L25 -> 361.91426 | O25: =N25/L25*M25 -> 0 | P25: =M25/L25 -> 0
C26: Gensa | D26: Meta | E26: La Uribe | F26: La Uribe | G26: Comunidades Energéticas OR | H26: Individual | I26: =$B$24/1003*L26 -> 1.5757122e+10 | J26: 46228 | K26: Julio | L26: =1003-(L24+L25) -> 503 | M26: ='Seguimiento Diario'!G13 -> 0 | N26: =1210/1003*L26 -> 606.80957 | O26: =N26/L26*M26 -> 0 | P26: =M26/L26 -> 0
B27: 30713269905 | C27: Gensa | D27: La Guajira | E27: Uribia | F27: Uribia | G27: Comunidades Energéticas OR | H27: Individual | I27: =$B$27/1000*L27 -> 3.071327e+09 | J27: 46172 | K27: Mayo | L27: 100 | M27: ='Seguimiento Diario'!E14 -> 0 | N27: =1200/1000*L27 -> 120 | O27: =N27/L27*M27 -> 0 | P27: =M27/L27 -> 0
C28: Gensa | D28: La Guajira | E28: Uribia | F28: Uribia | G28: Comunidades Energéticas OR | H28: Individual | I28: =$B$27/1000*L28 -> 4.6069905e+09 | J28: 46193 | K28: Junio | L28: 150 | M28: ='Seguimiento Diario'!F14 -> 0 | N28: =1200/1000*L28 -> 180 | O28: =N28/L28*M28 -> 0 | P28: =M28/L28 -> 0
C29: Gensa | D29: La Guajira | E29: Uribia | F29: Uribia | G29: Comunidades Energéticas OR | H29: Individual | I29: =$B$27/1000*L29 -> 2.3034952e+10 | J29: 46228 | K29: Julio | L29: =1000-(L27+L28) -> 750 | M29: ='Seguimiento Diario'!G14 -> 0 | N29: =1200/1000*L29 -> 900 | O29: =N29/L29*M29 -> 0 | P29: =M29/L29 -> 0
B30: ='[1]Base Actualizada'!$E$23+'[1]Base Actualizada'!$E$24+'[1]Base Actualizada'!$E$25+'[1]Base Actualizada'!$E$26 -> 63797499014 | C30: Gensa | D30: Putumayo | E30: San Miguel, Valle del Guamuez,Villa Garzon,Puerto Guzman | F30: San Miguel, Valle del Guamuez,Villa Garzon,Puerto Guzman | G30: Comunidades Energéticas OR | H30: Individual | I30: =$B$30/2006*L30 -> 1.2721336e+10 | J30: 46167 | K30: Mayo | L30: 400 | M30: ='Seguimiento Diario'!E15 -> 0 | N30: =2550/2006*L30 -> 508.47458 | O30: =N30/L30*M30 -> 0 | P30: =M30/L30 -> 0
C31: Gensa | D31: Putumayo | E31: San Miguel, Valle del Guamuez,Villa Garzon,Puerto Guzman | F31: San Miguel, Valle del Guamuez,Villa Garzon,Puerto Guzman | G31: Comunidades Energéticas OR | H31: Individual | I31: =$B$30/2006*L31 -> 5.1076163e+10 | J31: 46228 | K31: Julio | L31: =2006-L30 -> 1606 | M31: ='Seguimiento Diario'!G15 -> 0 | N31: =2550/2006*L31 -> 2041.5254 | O31: =N31/L31*M31 -> 0 | P31: =M31/L31 -> 0
C32: Gecelca | D32: Atlantico | E32: Villas de San Pablo | F32: Atlantico | G32: Colombia Solar | H32: Individual | I32: 8256253500 | J32: 46162 | K32: Mayo | L32: 500 | M32: ='Seguimiento Diario'!E16 -> 12 | N32: 750 | O32: =N32/L32*M32 -> 18 | P32: =M32/L32 -> 0.024
C33: Gecelca | D33: Atlantico | E33: Villas de San Pablo | F33: Atlantico | G33: Colombia Solar | H33: Individual | I33: 11278042281 | J33: 46203 | K33: Junio | L33: 683 | M33: ='Seguimiento Diario'!F16 -> 0 | N33: 1229.4 | O33: =N33/L33*M33 -> 0 | P33: =M33/L33 -> 0
C34: Gecelca | D34: Atlantico | E34: Villas de San Pablo | F34: Atlantico | G34: Colombia Solar | H34: Individual | I34: 21746971719 | J34: 46233 | K34: Julio | L34: 1317 | M34: ='Seguimiento Diario'!G16 -> 0 | N34: 2370.6 | O34: =N34/L34*M34 -> 0 | P34: =M34/L34 -> 0
C35: IPSE | D35: La Guajira | E35: MANAURE | F35: MANAURE | G35: IPSE | H35: Individual | I35: 56292206192 | J35: 46149 | K35: Mayo | L35: 1344 | M35: ='Seguimiento Diario'!E17 -> 0 | N35: 1842.5 | O35: =N35/L35*M35 -> 0 | P35: =M35/L35 -> 0
C36: IPSE | D36: Cauca | E36: ARGELIA, PATÍA, PIENDAMÓ, TUNÍA, SOTARÁ | F36: ARGELIA, PATÍA, PIENDAMÓ, TUNÍA, SOTARÁ | G36: IPSE | H36: Individual | I36: 11930657218 | J36: 46163 | K36: Mayo | L36: 376 | M36: ='Seguimiento Diario'!E18 -> 0 | N36: 503.84 | O36: =N36/L36*M36 -> 0 | P36: =M36/L36 -> 0
C37: IPSE | D37: Cauca | E37: GUAPI | F37: GUAPI | G37: IPSE | H37: Individual | I37: 959419512 | J37: 46164 | K37: Mayo | L37: 80 | M37: ='Seguimiento Diario'!E19 -> 0 | N37: 58.08 | O37: =N37/L37*M37 -> 0 | P37: =M37/L37 -> 0
C38: IPSE | D38: Cauca | E38: LOPEZ DE MICAY | F38: LOPEZ DE MICAY | G38: IPSE | H38: Individual | I38: 7817475406 | J38: 46169 | K38: Mayo | L38: 247 | M38: ='Seguimiento Diario'!E20 -> 0 | N38: 330.98 | O38: =N38/L38*M38 -> 0 | P38: =M38/L38 -> 0
C39: IPSE | D39: La Guajira | E39: ALBANIA | F39: ALBANIA | G39: IPSE | H39: Individual | I39: 10294382128 | J39: 46149 | K39: Mayo | L39: 395 | M39: ='Seguimiento Diario'!E21 -> 0 | N39: 323.9 | O39: =N39/L39*M39 -> 0 | P39: =M39/L39 -> 0
C40: IPSE | D40: Vichada | E40: LA PRIMAVERA | F40: LA PRIMAVERA | G40: IPSE | H40: Individual | I40: 7215361382 | J40: 46190 | K40: Junio | L40: 228 | M40: ='Seguimiento Diario'!F22 -> 0 | N40: 250.8 | O40: =N40/L40*M40 -> 0 | P40: =M40/L40 -> 0
C41: FENOGE | D41: Región 2 Caquetá | E41: Florencia | F41: Florencia | G41: Fenoge 1.0 y 1.1 | H41: Centralizadas | I41: 7623200000 | J41: 46203 | K41: Junio | L41: 500 | M41: ='Seguimiento Diario'!F23 -> 0 | N41: 1000 | O41: =N41/L41*M41 -> 0 | P41: =M41/L41 -> 0
C42: FENOGE | D42: Región 3 Meta, Casanare y Arauca | E42: Vista Hermosa (235 kWp) | F42: Vista Hermosa (235 kWp) | G42: Fenoge 1.0 y 1.1 | H42: Centralizadas | I42: 1903500000 | J42: 46203 | K42: Junio | L42: 150 | M42: ='Seguimiento Diario'!F24 -> 0 | N42: 265 | O42: =N42/L42*M42 -> 0 | P42: =M42/L42 -> 0
C43: FENOGE | D43: Región 3 Meta, Casanare y Arauca | E43: La Uribe (30 kWp) | F43: La Uribe (30 kWp) | G43: Fenoge 1.0 y 1.1 | H43: Centralizadas | I43: 283500000 | J43: 46172 | K43: Mayo | L43: 60 | M43: ='Seguimiento Diario'!E25 -> 0 | N43: 30 | O43: =N43/L43*M43 -> 0 | P43: =M43/L43 -> 0
C44: FENOGE | D44: Región 3 Meta, Casanare y Arauca | E44: Vista Hermosa (1.000 kWp) | F44: Vista Hermosa (1.000 kWp) | G44: Fenoge 1.0 y 1.1 | H44: Centralizadas | I44: 8.245083e+09 | J44: 46157 | K44: Mayo | L44: 500 | M44: ='Seguimiento Diario'!E26 -> 0 | N44: 2000 | O44: =N44/L44*M44 -> 0 | P44: =M44/L44 -> 0
C45: FENOGE | D45: Región 3 Meta, Casanare y Arauca | E45: Arauquita (1.000 kWp) | F45: Arauquita (1.000 kWp) | G45: Fenoge 1.0 y 1.1 | H45: Centralizadas | I45: 8.245083e+09 | J45: 46203 | K45: Junio | L45: 500 | M45: ='Seguimiento Diario'!F27 -> 0 | N45: 1000 | O45: =N45/L45*M45 -> 0 | P45: =M45/L45 -> 0
C46: FENOGE | D46: Región 5 Huila y Tolima | E46: Agrado | F46: Agrado | G46: Fenoge 1.0 y 1.1 | H46: Centralizadas | I46: 6900000000 | J46: 46172 | K46: Mayo | L46: 500 | M46: ='Seguimiento Diario'!E28 -> 0 | N46: 2000 | O46: =N46/L46*M46 -> 0 | P46: =M46/L46 -> 0
C47: FENOGE | D47: Región 5 Huila y Tolima | E47: Chaparral | F47: Chaparral | G47: Fenoge 1.0 y 1.1 | H47: Centralizadas | I47: 6900000000 | J47: 46249 | K47: Agosto | L47: 210 | M47: ='Seguimiento Diario'!H29 -> 0 | N47: 500 | O47: =N47/L47*M47 -> 0 | P47: =M47/L47 -> 0
C48: FENOGE | D48: Región 6 Cundinamarca | E48: Beltrán | F48: Beltrán | G48: Fenoge 1.0 y 1.1 | H48: Centralizadas | I48: 5.830685e+09 | J48: 46203 | K48: Junio | L48: 500 | M48: ='Seguimiento Diario'!F30 -> 0 | N48: 1000 | O48: =N48/L48*M48 -> 0 | P48: =M48/L48 -> 0
C49: FENOGE | D49: Región 8 Boyacá, Santander y Norte de Santander | E49: Barrancabermeja | F49: Barrancabermeja | G49: Fenoge 1.0 y 1.1 | H49: Centralizadas | I49: 6540000000 | J49: 46172 | K49: Mayo | L49: 500 | M49: ='Seguimiento Diario'!E31 -> 0 | N49: 1000 | O49: =N49/L49*M49 -> 0 | P49: =M49/L49 -> 0
C50: FENOGE | D50: Región 8 Boyacá, Santander y Norte de Santander | E50: Villa de Leyva | F50: Villa de Leyva | G50: Fenoge 1.0 y 1.1 | H50: Centralizadas | I50: 6540000000 | J50: 46203 | K50: Junio | L50: 500 | M50: ='Seguimiento Diario'!F32 -> 0 | N50: 1000 | O50: =N50/L50*M50 -> 0 | P50: =M50/L50 -> 0
C51: FENOGE | D51: Región 8 Boyacá, Santander y Norte de Santander | E51: Tibú | F51: Tibú | G51: Fenoge 1.0 y 1.1 | H51: Centralizadas | I51: 6540000000 | J51: 46218 | K51: Julio | L51: 500 | M51: ='Seguimiento Diario'!G33 -> 0 | N51: 1000 | O51: =N51/L51*M51 -> 0 | P51: =M51/L51 -> 0
C52: FENOGE | D52: Región 11 Atlántico, Magdalena, César y Guajira | E52: Jagua de Ibirico (2) | F52: Jagua de Ibirico (2) | G52: Fenoge 1.0 y 1.1 | H52: Centralizadas | I52: 684600000 | J52: 46203 | K52: Junio | L52: 100 | M52: ='Seguimiento Diario'!F34 -> 0 | N52: 105 | O52: =N52/L52*M52 -> 0 | P52: =M52/L52 -> 0
C53: FENOGE | D53: Región 11 Atlántico, Magdalena, César y Guajira | E53: Riohacha | F53: Riohacha | G53: Fenoge 1.0 y 1.1 | H53: Centralizadas | I53: 1128000000 | J53: 46203 | K53: Junio | L53: 210 | M53: ='Seguimiento Diario'!F35 -> 0 | N53: 240 | O53: =N53/L53*M53 -> 0 | P53: =M53/L53 -> 0
I56: =SUBTOTAL(9,I32:I55) -> 0

Sheet TD
A1: MES | B1: (Todas)
A2: PROGRAMA | B2: (Todas)
D4: Valores
A5: CONTRATISTA | B5: PROYECTO | C5: FECHA | D5: Suma de PLANEADO (USUARIOS) | E5: Suma de EJECUTADO (USUARIOS) | F5: Suma de CAPACIDAD (kWp) (PLANEADA) | G5: Suma de CAPACIDAD (kWp) (EJECUTADA) | H5: Suma de EFICIENCIA | I5: Suma de INVERSIÓN
A6: Dispac | B6: Maicao y Albania | C6: 46167 | D6: 400 | E6: 0 | F6: 439.985 | G6: 0 | H6: 0 | I6: 1.2104642e+10
C7: 46228 | D7: 9864 | E7: 0 | F7: 10850.03 | G7: 0 | H7: 0 | I7: 2.9850046e+11
C8: 46188 | D8: 400 | E8: 0 | F8: 439.985 | G8: 0 | H8: 0 | I8: 1.2104642e+10
A9: Total Dispac | D9: 10664 | E9: 0 | F9: 11730 | G9: 0 | H9: 0 | I9: 3.2270975e+11
A10: Electrocaqueta | B10: Becerril | C10: 46162 | D10: 200 | E10: 180 | F10: 243.98074 | G10: 219.58266 | H10: 0.9 | I10: 5.92225e+09
C11: 46184 | D11: 200 | E11: 0 | F11: 243.98074 | G11: 0 | H11: 0 | I11: 5.92225e+09
C12: 46228 | D12: 223 | E12: 0 | F12: 272.03852 | G12: 0 | H12: 0 | I12: 6.6033087e+09
B13: Curumaní | C13: 46162 | D13: 100 | E13: 0 | F13: 121.79487 | G13: 0 | H13: 0 | I13: 2.9029905e+09
C14: 46184 | D14: 150 | E14: 0 | F14: 182.69231 | G14: 0 | H14: 0 | I14: 4.3544858e+09
C15: 46228 | D15: 374 | E15: 0 | F15: 455.51282 | G15: 0 | H15: 0 | I15: 1.0857185e+10
B16: Norte de Santander | C16: 46228 | D16: 3783 | E16: 0 | F16: 4160 | G16: 0 | H16: 0 | I16: 121589085878
B17: Santa Marta | C17: 46184 | D17: 500 | E17: 0 | F17: 550.28463 | G17: 0 | H17: 0 | I17: 1.6156624e+10
C18: 46228 | D18: 1081 | E18: 0 | F18: 1189.7154 | G18: 0 | H18: 0 | I18: 3.4930621e+10
B19: Santander | C19: 46184 | D19: 700 | E19: 0 | F19: 767.70294 | G19: 0 | H19: 0 | I19: 2.2713077e+10
C20: 46228 | D20: 458 | E20: 0 | F20: 502.29706 | G20: 0 | H20: 0 | I20: 1.4860842e+10
B21: Guaca | C21: 46184 | D21: 83 | E21: 0 | F21: 102.4026 | G21: 0 | H21: 0 | I21: 2.3727838e+09
C22: 46228 | D22: 71 | E22: 0 | F22: 87.597403 | G22: 0 | H22: 0 | I22: 2.0297307e+09
B23: Ricaurte | C23: 46184 | D23: 10 | E23: 0 | F23: 11.020882 | G23: 0 | H23: 0 | I23: 3.2183328e+08
C24: 46228 | D24: 852 | E24: 0 | F24: 938.97912 | G24: 0 | H24: 0 | I24: 2.7420195e+10
A25: Total Electrocaqueta | D25: 8785 | E25: 180 | F25: 9830 | G25: 219.58266 | H25: 0.9 | I25: 278957261427
A26: Gensa | B26: Cartagena del Chaiira | C26: 46162 | D26: 200 | E26: 0 | F26: 402.64901 | G26: 0 | H26: 0 | I26: 6.4734674e+09
C27: 46193 | D27: 200 | E27: 0 | F27: 402.64901 | G27: 0 | H27: 0 | I27: 6.4734674e+09
C28: 46228 | D28: 355 | E28: 0 | F28: 714.70199 | G28: 0 | H28: 0 | I28: 1.1490405e+10
B29: La Uribe | C29: 46172 | D29: 200 | E29: 0 | F29: 241.27617 | G29: 0 | H29: 0 | I29: 6.2652572e+09
C30: 46193 | D30: 300 | E30: 0 | F30: 361.91426 | G30: 0 | H30: 0 | I30: 9.3978858e+09
C31: 46228 | D31: 503 | E31: 0 | F31: 606.80957 | G31: 0 | H31: 0 | I31: 1.5757122e+10
B32: San Miguel, Valle del Guamuez,Villa Garzon,Puerto Guzman | C32: 46167 | D32: 400 | E32: 0 | F32: 508.47458 | G32: 0 | H32: 0 | I32: 1.2721336e+10
C33: 46228 | D33: 1606 | E33: 0 | F33: 2041.5254 | G33: 0 | H33: 0 | I33: 5.1076163e+10
B34: Uribia | C34: 46172 | D34: 100 | E34: 0 | F34: 120 | G34: 0 | H34: 0 | I34: 3.071327e+09
C35: 46193 | D35: 150 | E35: 0 | F35: 180 | G35: 0 | H35: 0 | I35: 4.6069905e+09
C36: 46228 | D36: 750 | E36: 0 | F36: 900 | G36: 0 | H36: 0 | I36: 2.3034952e+10
A37: Total Gensa | D37: 4764 | E37: 0 | F37: 6480 | G37: 0 | H37: 0 | I37: 150368373121
A38: Gecelca | B38: Villas de San Pablo | C38: 46162 | D38: 500 | E38: 12 | F38: 750 | G38: 18 | H38: 0.024 | I38: 8256253500
C39: 46203 | D39: 683 | E39: 0 | F39: 1229.4 | G39: 0 | H39: 0 | I39: 11278042281
C40: 46233 | D40: 1317 | E40: 0 | F40: 2370.6 | G40: 0 | H40: 0 | I40: 21746971719
A41: Total Gecelca | D41: 2500 | E41: 12 | F41: 4350 | G41: 18 | H41: 0.024 | I41: 41281267500
A42: IPSE | B42: MANAURE | C42: 46149 | D42: 1344 | E42: 0 | F42: 1842.5 | G42: 0 | H42: 0 | I42: 56292206192
B43: ARGELIA, PATÍA, PIENDAMÓ, TUNÍA, SOTARÁ | C43: 46163 | D43: 376 | E43: 0 | F43: 503.84 | G43: 0 | H43: 0 | I43: 11930657218
B44: GUAPI | C44: 46164 | D44: 80 | E44: 0 | F44: 58.08 | G44: 0 | H44: 0 | I44: 959419512
B45: LOPEZ DE MICAY | C45: 46169 | D45: 247 | E45: 0 | F45: 330.98 | G45: 0 | H45: 0 | I45: 7817475406
B46: ALBANIA | C46: 46149 | D46: 395 | E46: 0 | F46: 323.9 | G46: 0 | H46: 0 | I46: 10294382128
B47: LA PRIMAVERA | C47: 46190 | D47: 228 | E47: 0 | F47: 250.8 | G47: 0 | H47: 0 | I47: 7215361382
A48: Total IPSE | D48: 2670 | E48: 0 | F48: 3310.1 | G48: 0 | H48: 0 | I48: 94509501838
A49: FENOGE | B49: Florencia | C49: 46203 | D49: 500 | E49: 0 | F49: 1000 | G49: 0 | H49: 0 | I49: 7623200000
B50: Vista Hermosa (235 kWp) | C50: 46203 | D50: 150 | E50: 0 | F50: 265 | G50: 0 | H50: 0 | I50: 1903500000
B51: La Uribe (30 kWp) | C51: 46172 | D51: 60 | E51: 0 | F51: 30 | G51: 0 | H51: 0 | I51: 283500000
B52: Vista Hermosa (1.000 kWp) | C52: 46157 | D52: 500 | E52: 0 | F52: 2000 | G52: 0 | H52: 0 | I52: 8.245083e+09
B53: Arauquita (1.000 kWp) | C53: 46203 | D53: 500 | E53: 0 | F53: 1000 | G53: 0 | H53: 0 | I53: 8.245083e+09
B54: Agrado | C54: 46172 | D54: 500 | E54: 0 | F54: 2000 | G54: 0 | H54: 0 | I54: 6900000000
B55: Chaparral | C55: 46249 | D55: 210 | E55: 0 | F55: 500 | G55: 0 | H55: 0 | I55: 6900000000
B56: Beltrán | C56: 46203 | D56: 500 | E56: 0 | F56: 1000 | G56: 0 | H56: 0 | I56: 5.830685e+09
B57: Barrancabermeja | C57: 46172 | D57: 500 | E57: 0 | F57: 1000 | G57: 0 | H57: 0 | I57: 6540000000
B58: Villa de Leyva | C58: 46203 | D58: 500 | E58: 0 | F58: 1000 | G58: 0 | H58: 0 | I58: 6540000000
B59: Tibú | C59: 46218 | D59: 500 | E59: 0 | F59: 1000 | G59: 0 | H59: 0 | I59: 6540000000
B60: Jagua de Ibirico (2) | C60: 46203 | D60: 100 | E60: 0 | F60: 105 | G60: 0 | H60: 0 | I60: 684600000
B61: Riohacha | C61: 46203 | D61: 210 | E61: 0 | F61: 240 | G61: 0 | H61: 0 | I61: 1128000000
A62: Total FENOGE | D62: 4730 | E62: 0 | F62: 11140 | G62: 0 | H62: 0 | I62: 6.7363651e+10
A63: Total general | D63: 34113 | E63: 192 | F63: 46840.1 | G63: 237.58266 | H63: 0.924 | I63: 9.551898e+11

Sheet Hoja3
A1: Proyecto | B1: (Varios elementos)
A3: Suma de Inversion
A4: Operador de Red | B4: Departamento | C4: Total
A5: DISPAC | B5: La Guajira | C5: 322709746890
A6: Total DISPAC | C6: 322709746890
A7: ELECTROCAQUETA | B7: Cesar | C7: 36562469742
B8: Magdalena | C8: 51087244522
B9: Nariño | C9: 27742028640
B10: Norte de Santander | C10: 121589085878
B11: Santander | C11: 41976432645
A12: Total ELECTROCAQUETA | C12: 278957261427
A13: GECELCA | B13: Atlantico | C13: 41281267500
A14: Total GECELCA | C14: 41281267500
A15: GENSA | B15: Caquetá | C15: 24437339433
B16: La Guajira | C16: 30713269905
B17: Meta | C17: 31420264769
B18: Putumayo | C18: 63797499014
A19: Total GENSA | C19: 150368373121
A20: Total general | C20: 793316648938

Sheet Hoja1
C3: Departamento | D3: Municipio | E3: Operador de Red | F3: Inversion | G3: Potencia a Instalar MWp | H3: Usuarios Totales | I3: Semaforo | J3: Observaciones | O3: Criterio | P3: Rango | Q3: Calculo
C4: La Guajira | D4: Maicao Y Albania | E4: DISPAC | F4: 322709746890 | G4: 11.73 | H4: 10664 | I4: 0.067516879 | K4: =Tabla1[[#This Row],[14/06/2026]]/Tabla1[[#This Row],[Usuarios Totales]] -> 0.067516879 | O4: Rojo | P4: 0.1
C5: Norte de Santander | D5: Teorama, El Carmen, Convención, Hacari, San Calixto, Tibu | E5: ELECTROCAQUETA | F5: 121589085878 | G5: 4.16 | H5: 3783 | I5: 0.042294475 | K5: =Tabla1[[#This Row],[14/06/2026]]/Tabla1[[#This Row],[Usuarios Totales]] -> 0.042294475 | O5: Amarillo | P5: 0.3
C6: Nariño | D6: Ricaurte | E6: ELECTROCAQUETA | F6: 27742028640 | G6: 0.95 | H6: 862 | I6: 0 | K6: =Tabla1[[#This Row],[14/06/2026]]/Tabla1[[#This Row],[Usuarios Totales]] -> 0 | O6: Verde | P6: 0.5
C7: Magdalena | D7: Santa Marta | E7: ELECTROCAQUETA | F7: 51087244522 | G7: 1.74 | H7: 1581 | I7: 0.18722328 | K7: =Tabla1[[#This Row],[14/06/2026]]/Tabla1[[#This Row],[Usuarios Totales]] -> 0.18722328
C8: Santander | D8: Bolivar, Charalá, El Peñón, Florian, La Belleza, Landazuri, Ocamonte, Simacota, Sucre, Zapatoca | E8: ELECTROCAQUETA | F8: 37573918087 | G8: 1.27 | H8: 1158 | I8: 0.10708117 | K8: =Tabla1[[#This Row],[14/06/2026]]/Tabla1[[#This Row],[Usuarios Totales]] -> 0.10708117
C9: Santander | D9: Guaca | E9: ELECTROCAQUETA | F9: 4402514558 | G9: 0.19 | H9: 154 | I9: 0.38961039 | K9: =Tabla1[[#This Row],[14/06/2026]]/Tabla1[[#This Row],[Usuarios Totales]] -> 0.38961039
C10: Meta | D10: La Uribe | E10: GENSA | F10: 31420264769 | G10: 1.21 | H10: 1003 | I10: 0.059820538 | K10: =Tabla1[[#This Row],[14/06/2026]]/Tabla1[[#This Row],[Usuarios Totales]] -> 0.059820538
C11: Cesar | D11: Becerril | E11: ELECTROCAQUETA | F11: 18447808737 | G11: 0.76 | H11: 623 | I11: 0.69020867 | K11: =Tabla1[[#This Row],[14/06/2026]]/Tabla1[[#This Row],[Usuarios Totales]] -> 0.69020867
C12: Cesar | D12: Curumani | E12: ELECTROCAQUETA | F12: 18114661005 | G12: 0.76 | H12: 624 | I12: 0.5 | K12: =Tabla1[[#This Row],[14/06/2026]]/Tabla1[[#This Row],[Usuarios Totales]] -> 0.43269231
C13: La Guajira | D13: Uribia | E13: GENSA | F13: 30713269905 | G13: 1.2 | H13: 1000 | I13: 0.06 | K13: =Tabla1[[#This Row],[14/06/2026]]/Tabla1[[#This Row],[Usuarios Totales]] -> 0.06
C14: Putumayo | D14: San Miguel | E14: GENSA | F14: 6880380834 | G14: 0.31 | H14: 217 | I14: 0.092165899 | K14: =Tabla1[[#This Row],[14/06/2026]]/Tabla1[[#This Row],[Usuarios Totales]] -> 0.092165899
C15: Putumayo | D15: Valle Del Guamuez | E15: GENSA | F15: 22802905997 | G15: 0.72 | H15: 719 | I15: 0.013908206 | K15: =Tabla1[[#This Row],[14/06/2026]]/Tabla1[[#This Row],[Usuarios Totales]] -> 0.013908206
C16: Putumayo | D16: Villa Garzon | E16: GENSA | F16: 9349545113 | G16: 0.42 | H16: 293 | I16: 0.034129693 | K16: =Tabla1[[#This Row],[14/06/2026]]/Tabla1[[#This Row],[Usuarios Totales]] -> 0.034129693
C17: Putumayo | D17: Puerto Guzman | E17: GENSA | F17: 24764667070 | G17: 1.1 | H17: 777 | I17: 0.077220077 | K17: =Tabla1[[#This Row],[14/06/2026]]/Tabla1[[#This Row],[Usuarios Totales]] -> 0.077220077
C18: Caquetá | D18: Cartagena Del Chaira | E18: GENSA | F18: 24437339433 | G18: 1.52 | H18: 755 | I18: 0.046357616 | K18: =Tabla1[[#This Row],[14/06/2026]]/Tabla1[[#This Row],[Usuarios Totales]] -> 0.046357616
C19: Atlantico | D19: Atlantico | E19: GECELCA | F19: 41281267500 | G19: 4.35 | H19: 2500 | I19: 0.2768 | K19: =Tabla1[[#This Row],[14/06/2026]]/Tabla1[[#This Row],[Usuarios Totales]] -> 0.2768
C20: Totales | F20: =SUM(F4:F19) -> 793316648938 | G20: =SUM(G4:G19) -> 32.39 | H20: =SUM(H4:H19) -> 26713

Sheet Proyectado Obras Civiles
A1: Proyecto | B1: Departamento | C1: Municipio | D1: Operador de Red | E1: Inversion | F1: Potencia a Instalar MWp | G1: Usuarios Totales | H1: 05/05/2026 | I1: 10/05/2026 | J1: 15/05/2026 | K1: 20/05/2026 | L1: 25/05/2026 | M1: 30/05/2026 | N1: 04/06/2026 | O1: 09/06/2026 | P1: 14/06/2026 | Q1: 20/06/2026 | R1: 25/06/2026 | S1: 30/06/2026 | T1: 05/07/2026 | U1: 10/07/2026 | V1: 15/07/2026 | W1: 20/07/2026 | X1: 25/07/2026 | Y1: 30/07/2026
A2: Nuqui | B2: Chocó | C2: Nuqui | D2: DISPAC | E2: 79316865070 | F2: 4 | G2: 2036 | H2: 50 | I2: 100 | J2: 150 | K2: 200 | L2: 270 | M2: 320 | N2: 350 | O2: 370 | P2: 380 | Q2: 400 | R2: 900 | S2: 1100 | T2: 1450 | U2: 1650 | V2: 1700 | W2: 1800 | X2: 1900 | Y2: 2036
A3: Bahia Solano | B3: Chocó | C3: Bahia Solano | D3: GENSA | E3: 83008042889 | F3: 3 | G3: 2295 | H3: 20 | I3: =+H3+25 -> 45 | J3: =+I3+70 -> 115 | K3: 200 | L3: 230 | M3: =+L3+10 -> 240 | N3: =+M3+50 -> 290 | O3: =+N3+60 -> 350 | P3: =+O3+20 -> 370 | Q3: 400 | R3: 425 | S3: =+R3+100 -> 525 | T3: =+S3+250 -> 775 | U3: =+T3+250 -> 1025 | V3: =+U3+250 -> 1275 | W3: =+V3+600 -> 1875 | X3: =+W3+100 -> 1975 | Y3: 2295
A4: Maicao Y Albania | B4: La Guajira | C4: Maicao Y Albania | D4: DISPAC | E4: 322709746890 | F4: 11.73 | G4: 10664 | H4: 0 | I4: 0 | J4: 80 | K4: 240 | L4: 400 | M4: 480 | N4: 560 | O4: 640 | P4: 720 | Q4: 800 | R4: 1050 | S4: 1550 | T4: 2350 | U4: 3350 | V4: 4600 | W4: 6100 | X4: 8100 | Y4: 10664
A5: Norte De Santander | B5: Norte de Santander | C5: Teorama, El Carmen, Convención, Hacari, San Calixto, Tibu | D5: ELECTROCAQUETA | E5: 121589085878 | F5: 4.16 | G5: 3783 | H5: 0 | I5: 0 | J5: 0 | K5: 0 | L5: 0 | M5: 0 | N5: 0 | O5: 150 | P5: 160 | Q5: 160 | R5: 160 | S5: 160 | T5: 410 | U5: 660 | V5: 910 | W5: 1510 | X5: 1610 | Y5: 3783
A6: Ricaurte | B6: Nariño | C6: Ricaurte | D6: ELECTROCAQUETA | E6: 27742028640 | F6: 0.95 | G6: 862 | H6: 70 | I6: 95 | J6: 165 | K6: 200 | L6: 250 | M6: 260 | N6: 310 | O6: 370 | P6: 390 | Q6: 400 | R6: 420 | S6: 470 | T6: 570 | U6: 595 | V6: 625 | W6: 650 | X6: 750 | Y6: 862
A7: Santa Marta | B7: Magdalena | C7: Santa Marta | D7: ELECTROCAQUETA | E7: 51087244522 | F7: 1.74 | G7: 1581 | H7: 100 | I7: 125 | J7: 185 | K7: 200 | L7: 220 | M7: 230 | N7: 280 | O7: 340 | P7: 360 | Q7: 400 | R7: 450 | S7: 550 | T7: 650 | U7: 700 | V7: 800 | W7: 1000 | X7: 1100 | Y7: 1581
A8: Santander 11 Municipios | B8: Santander | C8: Bolivar, Charalá, El Peñón, Florian, La Belleza, Landazuri, Ocamonte, Simacota, Sucre, Zapatoca | D8: ELECTROCAQUETA | E8: 37573918087 | F8: 1.27 | G8: 1158 | H8: 20 | I8: 45 | J8: 115 | K8: 200 | L8: 210 | M8: 220 | N8: 270 | O8: 330 | P8: 350 | Q8: 400 | R8: 500 | S8: 550 | T8: 750 | U8: 900 | V8: 960 | W8: 980 | X8: 1080 | Y8: 1158
A9: Santander - Guaca | B9: Santander | C9: Guaca | D9: ELECTROCAQUETA | E9: 4402514558 | F9: 0.19 | G9: 154 | H9: 0 | I9: 0 | J9: 0 | K9: 0 | L9: 0 | M9: 0 | N9: 50 | O9: 83 | P9: 47 | Q9: 50 | R9: 60 | S9: 65 | T9: 70 | U9: 80 | V9: 85 | W9: 90 | X9: 95 | Y9: 154
A10: La Uribe | B10: Meta | C10: La Uribe | D10: GENSA | E10: 31420264769 | F10: 1.21 | G10: 1003 | H10: 60 | I10: =+H10+25 -> 85 | J10: =+I10+70 -> 155 | K10: 200 | L10: 225 | M10: =+L10+10 -> 235 | N10: =+M10+50 -> 285 | O10: =+N10+60 -> 345 | P10: =+O10+20 -> 365 | Q10: 400 | R10: 450 | S10: =+R10+10 -> 460 | T10: =+S10+20 -> 480 | U10: =+T10+100 -> 580 | V10: =+U10+200 -> 780 | W10: =+V10+10 -> 790 | X10: =+W10+20 -> 810 | Y10: 1003
A11: Becerril | B11: Cesar | C11: Becerril | D11: ELECTROCAQUETA | E11: 18447808737 | F11: 0.76 | G11: 623 | H11: 60 | I11: 120 | J11: 180 | K11: 200 | L11: 250 | M11: 300 | N11: 350 | O11: 400 | P11: 430 | Q11: 460 | R11: 500 | S11: 530 | T11: 560 | U11: 580 | V11: 600 | W11: 610 | X11: 623 | Y11: 623
A12: Curumani | B12: Cesar | C12: Curumani | D12: ELECTROCAQUETA | E12: 18114661005 | F12: 0.76 | G12: 624 | H12: 0 | I12: 0 | J12: 0 | K12: 100 | L12: 120 | M12: 150 | N12: 200 | O12: 250 | P12: 270 | Q12: 400 | R12: 410 | S12: 420 | T12: 430 | U12: 480 | V12: 580 | W12: 590 | X12: 610 | Y12: 624
A13: Uribia | B13: La Guajira | C13: Uribia | D13: GENSA | E13: 30713269905 | F13: 1.2 | G13: 1000 | H13: 60 | I13: =+H13+25 -> 85 | J13: =+I13+70 -> 155 | K13: 200 | L13: 210 | M13: =+L13+10 -> 220 | N13: =+M13+50 -> 270 | O13: =+N13+60 -> 330 | P13: =+O13+20 -> 350 | Q13: 400 | R13: 500 | S13: =+R13+10 -> 510 | T13: =+S13+20 -> 530 | U13: =+T13+100 -> 630 | V13: =+U13+200 -> 830 | W13: =+V13+10 -> 840 | X13: =+W13+20 -> 860 | Y13: 1000
A14: San Miguel | B14: Putumayo | C14: San Miguel | D14: GENSA | E14: 6880380834 | F14: 0.31 | G14: 217 | H14: 20 | I14: 35 | J14: 45 | K14: 50 | L14: 60 | M14: 62 | N14: 70 | O14: 75 | P14: =+O14+20 -> 95 | Q14: 110 | R14: 120 | S14: =+R14+10 -> 130 | T14: 150 | U14: 175 | V14: 180 | W14: 185 | X14: 200 | Y14: 217
A15: Valle Del Guamuez | B15: Putumayo | C15: Valle Del Guamuez | D15: GENSA | E15: 22802905997 | F15: 0.72 | G15: 719 | H15: 10 | I15: =+H15+25 -> 35 | J15: =+I15+70 -> 105 | K15: 200 | L15: 220 | M15: =+L15+10 -> 230 | N15: =+M15+50 -> 280 | O15: =+N15+60 -> 340 | P15: =+O15+20 -> 360 | Q15: 400 | R15: 420 | S15: =+R15+10 -> 430 | T15: =+S15+10 -> 440 | U15: =+T15+50 -> 490 | V15: =+U15+110 -> 600 | W15: =+V15+10 -> 610 | X15: =+W15+20 -> 630 | Y15: 719
A16: Villa Garzon | B16: Putumayo | C16: Villa Garzon | D16: GENSA | E16: 9349545113 | F16: 0.42 | G16: 293 | H16: 10 | I16: 20 | J16: 30 | K16: 50 | L16: 60 | M16: =+L16+10 -> 70 | N16: 80 | O16: 85 | P16: 90 | Q16: 100 | R16: 110 | S16: =+R16+10 -> 120 | T16: 130 | U16: 150 | V16: 160 | W16: 180 | X16: 185 | Y16: 293
A17: Puerto Guzman | B17: Putumayo | C17: Puerto Guzman | D17: GENSA | E17: 24764667070 | F17: 1.1 | G17: 777 | H17: 60 | I17: =+H17+25 -> 85 | J17: =+I17+70 -> 155 | K17: 200 | L17: 225 | M17: =+L17+10 -> 235 | N17: =+M17+50 -> 285 | O17: =+N17+60 -> 345 | P17: =+O17+20 -> 365 | Q17: 300 | R17: 320 | S17: =+R17+10 -> 330 | T17: =+S17+10 -> 340 | U17: =+T17+50 -> 390 | V17: =+U17+110 -> 500 | W17: =+V17+10 -> 510 | X17: =+W17+20 -> 530 | Y17: 777
A18: Cartagena Del Chaira | B18: Caquetá | C18: Cartagena Del Chaira | D18: GENSA | E18: 24437339433 | F18: 1.52 | G18: 755 | H18: 35 | I18: =+H18+25 -> 60 | J18: =+I18+70 -> 130 | K18: 200 | L18: 220 | M18: =+L18+10 -> 230 | N18: =+M18+50 -> 280 | O18: =+N18+60 -> 340 | P18: =+O18+20 -> 360 | Q18: 300 | R18: 310 | S18: =+R18+10 -> 320 | T18: =+S18+10 -> 330 | U18: =+T18+50 -> 380 | V18: =+U18+110 -> 490 | W18: =+V18+10 -> 500 | X18: =+W18+20 -> 520 | Y18: 755
A19: Villas de San Pablo | B19: Atlantico | C19: Atlantico | D19: GECELCA | E19: 41281267500 | F19: 4.35 | G19: 2500
A21: TOTALES | E21: =SUM(E2:E20) -> 955641556897 | F21: =SUM(F2:F20) -> 39.39 | G21: =SUM(G2:G20) -> 31044 | H21: =SUM(H2:H20) -> 575 | I21: =SUM(I2:I20) -> 935 | J21: =SUM(J2:J20) -> 1765 | K21: =SUM(K2:K20) -> 2640 | L21: =SUM(L2:L20) -> 3170 | ... Y21: =SUM(Y2:Y20) -> 28544

Sheet Proyectado Internas
A1: Proyecto | B1: Departamento | C1: Municipio | D1: Operador de Red | E1: Inversion | F1: Potencia a Instalar MWp | G1: Usuarios Totales | H1: 05/05/2026 | I1: 10/05/2026 | J1: 15/05/2026 | K1: 20/05/2026 | L1: 25/05/2026 | M1: 30/05/2026 | N1: 04/06/2026 | O1: 09/06/2026 | P1: 14/06/2026 | Q1: 20/06/2026 | R1: 25/06/2026 | S1: 30/06/2026 | T1: 05/07/2026 | U1: 10/07/2026 | V1: 15/07/2026 | W1: 20/07/2026 | X1: 25/07/2026 | Y1: 30/07/2026
A2: Nuqui | B2: Chocó | C2: Nuqui | D2: DISPAC | E2: 79316865070 | F2: 4 | G2: 2036 | H2: 50 | I2: 100 | J2: 150 | K2: 200 | L2: 270 | M2: 320 | N2: 350 | O2: 370 | P2: 380 | Q2: 400 | R2: 900 | S2: 1100 | T2: 1450 | U2: 1650 | V2: 1700 | W2: 1800 | X2: 1900 | Y2: 2036
A3: Bahia Solano | B3: Chocó | C3: Bahia Solano | D3: GENSA | E3: 83008042889 | F3: 3 | G3: 2295 | H3: 20 | I3: =+H3+25 -> 45 | J3: =+I3+70 -> 115 | K3: 200 | L3: 230 | M3: =+L3+10 -> 240 | N3: =+M3+50 -> 290 | O3: =+N3+60 -> 350 | P3: =+O3+20 -> 370 | Q3: 400 | R3: 425 | S3: =+R3+100 -> 525 | T3: =+S3+250 -> 775 | U3: =+T3+250 -> 1025 | V3: =+U3+250 -> 1275 | W3: =+V3+600 -> 1875 | X3: =+W3+100 -> 1975 | Y3: 2295
A4: Maicao Y Albania | B4: La Guajira | C4: Maicao Y Albania | D4: DISPAC | E4: 322709746890 | F4: 11.73 | G4: 10664 | H4: 0 | I4: 0 | J4: 80 | K4: 240 | L4: 400 | M4: 480 | N4: 560 | O4: 640 | P4: 720 | Q4: 800 | R4: 1050 | S4: 1550 | T4: 2350 | U4: 3350 | V4: 4600 | W4: 6100 | X4: 8100 | Y4: 10664
A5: Norte De Santander | B5: Norte de Santander | C5: Teorama, El Carmen, Convención, Hacari, San Calixto, Tibu | D5: ELECTROCAQUETA | E5: 121589085878 | F5: 4.16 | G5: 3783 | H5: 0 | I5: 0 | J5: 0 | K5: 0 | L5: 0 | M5: 0 | N5: 0 | O5: 150 | P5: 160 | Q5: 160 | R5: 160 | S5: 160 | T5: 410 | U5: 660 | V5: 910 | W5: 1510 | X5: 1610 | Y5: 3783
A6: Ricaurte | B6: Nariño | C6: Ricaurte | D6: ELECTROCAQUETA | E6: 27742028640 | F6: 0.95 | G6: 862 | H6: 70 | I6: 95 | J6: 165 | K6: 200 | L6: 250 | M6: 260 | N6: 310 | O6: 370 | P6: 390 | Q6: 400 | R6: 420 | S6: 470 | T6: 570 | U6: 595 | V6: 625 | W6: 650 | X6: 750 | Y6: 862
A7: Santa Marta | B7: Magdalena | C7: Santa Marta | D7: ELECTROCAQUETA | E7: 51087244522 | F7: 1.74 | G7: 1581 | H7: 100 | I7: 125 | J7: 185 | K7: 200 | L7: 220 | M7: 230 | N7: 280 | O7: 340 | P7: 360 | Q7: 400 | R7: 450 | S7: 550 | T7: 650 | U7: 700 | V7: 800 | W7: 1000 | X7: 1100 | Y7: 1581
A8: Santander 11 Municipios | B8: Santander | C8: Bolivar, Charalá, El Peñón, Florian, La Belleza, Landazuri, Ocamonte, Simacota, Sucre, Zapatoca | D8: ELECTROCAQUETA | E8: 37573918087 | F8: 1.27 | G8: 1158 | H8: 20 | I8: 45 | J8: 115 | K8: 200 | L8: 210 | M8: 220 | N8: 270 | O8: 330 | P8: 350 | Q8: 400 | R8: 500 | S8: 550 | T8: 750 | U8: 900 | V8: 960 | W8: 980 | X8: 1080 | Y8: 1158
A9: Santander - Guaca | B9: Santander | C9: Guaca | D9: ELECTROCAQUETA | E9: 4402514558 | F9: 0.19 | G9: 154 | H9: 0 | I9: 0 | J9: 0 | K9: 0 | L9: 0 | M9: 0 | N9: 50 | O9: 83 | P9: 47 | Q9: 50 | R9: 60 | S9: 65 | T9: 70 | U9: 80 | V9: 85 | W9: 90 | X9: 95 | Y9: 154
A10: La Uribe | B10: Meta | C10: La Uribe | D10: GENSA | E10: 31420264769 | F10: 1.21 | G10: 1003 | H10: 60 | I10: =+H10+25 -> 85 | J10: =+I10+70 -> 155 | K10: 200 | L10: 225 | M10: =+L10+10 -> 235 | N10: =+M10+50 -> 285 | O10: =+N10+60 -> 345 | P10: =+O10+20 -> 365 | Q10: 400 | R10: 450 | S10: =+R10+10 -> 460 | T10: =+S10+20 -> 480 | U10: =+T10+100 -> 580 | V10: =+U10+200 -> 780 | W10: =+V10+10 -> 790 | X10: =+W10+20 -> 810 | Y10: 1003
A11: Becerril | B11: Cesar | C11: Becerril | D11: ELECTROCAQUETA | E11: 18447808737 | F11: 0.76 | G11: 623 | H11: 60 | I11: 120 | J11: 180 | K11: 200 | L11: 250 | M11: 300 | N11: 350 | O11: 400 | P11: 430 | Q11: 460 | R11: 500 | S11: 530 | T11: 560 | U11: 580 | V11: 600 | W11: 610 | X11: 623 | Y11: 623
A12: Curumani | B12: Cesar | C12: Curumani | D12: ELECTROCAQUETA | E12: 18114661005 | F12: 0.76 | G12: 624 | H12: 0 | I12: 0 | J12: 0 | K12: 100 | L12: 120 | M12: 150 | N12: 200 | O12: 250 | P12: 270 | Q12: 400 | R12: 410 | S12: 420 | T12: 430 | U12: 480 | V12: 580 | W12: 590 | X12: 610 | Y12: 624
A13: Uribia | B13: La Guajira | C13: Uribia | D13: GENSA | E13: 30713269905 | F13: 1.2 | G13: 1000 | H13: 60 | I13: =+H13+25 -> 85 | J13: =+I13+70 -> 155 | K13: 200 | L13: 210 | M13: =+L13+10 -> 220 | N13: =+M13+50 -> 270 | O13: =+N13+60 -> 330 | P13: =+O13+20 -> 350 | Q13: 400 | R13: 500 | S13: =+R13+10 -> 510 | T13: =+S13+20 -> 530 | U13: =+T13+100 -> 630 | V13: =+U13+200 -> 830 | W13: =+V13+10 -> 840 | X13: =+W13+20 -> 860 | Y13: 1000
A14: San Miguel | B14: Putumayo | C14: San Miguel | D14: GENSA | E14: 6880380834 | F14: 0.31 | G14: 217 | H14: 20 | I14: 35 | J14: 45 | K14: 50 | L14: 60 | M14: 62 | N14: 70 | O14: 75 | P14: =+O14+20 -> 95 | Q14: 110 | R14: 120 | S14: =+R14+10 -> 130 | T14: 150 | U14: 175 | V14: 180 | W14: 185 | X14: 200 | Y14: 217
A15: Valle Del Guamuez | B15: Putumayo | C15: Valle Del Guamuez | D15: GENSA | E15: 22802905997 | F15: 0.72 | G15: 719 | H15: 10 | I15: =+H15+25 -> 35 | J15: =+I15+70 -> 105 | K15: 200 | L15: 220 | M15: =+L15+10 -> 230 | N15: =+M15+50 -> 280 | O15: =+N15+60 -> 340 | P15: =+O15+20 -> 360 | Q15: 400 | R15: 420 | S15: =+R15+10 -> 430 | T15: =+S15+10 -> 440 | U15: =+T15+50 -> 490 | V15: =+U15+110 -> 600 | W15: =+V15+10 -> 610 | X15: =+W15+20 -> 630 | Y15: 719
A16: Villa Garzon | B16: Putumayo | C16: Villa Garzon | D16: GENSA | E16: 9349545113 | F16: 0.42 | G16: 293 | H16: 10 | I16: 20 | J16: 30 | K16: 50 | L16: 60 | M16: =+L16+10 -> 70 | N16: 80 | O16: 85 | P16: 90 | Q16: 100 | R16: 110 | S16: =+R16+10 -> 120 | T16: 130 | U16: 150 | V16: 160 | W16: 180 | X16: 185 | Y16: 293
A17: Puerto Guzman | B17: Putumayo | C17: Puerto Guzman | D17: GENSA | E17: 24764667070 | F17: 1.1 | G17: 777 | H17: 60 | I17: =+H17+25 -> 85 | J17: =+I17+70 -> 155 | K17: 200 | L17: 225 | M17: =+L17+10 -> 235 | N17: =+M17+50 -> 285 | O17: =+N17+60 -> 345 | P17: =+O17+20 -> 365 | Q17: 300 | R17: 320 | S17: =+R17+10 -> 330 | T17: =+S17+10 -> 340 | U17: =+T17+50 -> 390 | V17: =+U17+110 -> 500 | W17: =+V17+10 -> 510 | X17: =+W17+20 -> 530 | Y17: 777
A18: Cartagena Del Chaira | B18: Caquetá | C18: Cartagena Del Chaira | D18: GENSA | E18: 24437339433 | F18: 1.52 | G18: 755 | H18: 35 | I18: =+H18+25 -> 60 | J18: =+I18+70 -> 130 | K18: 200 | L18: 220 | M18: =+L18+10 -> 230 | N18: =+M18+50 -> 280 | O18: =+N18+60 -> 340 | P18: =+O18+20 -> 360 | Q18: 300 | R18: 310 | S18: =+R18+10 -> 320 | T18: =+S18+10 -> 330 | U18: =+T18+50 -> 380 | V18: =+U18+110 -> 490 | W18: =+V18+10 -> 500 | X18: =+W18+20 -> 520 | Y18: 755
A19: Villas de San Pablo | B19: Atlantico | C19: Atlantico | D19: GECELCA | E19: 41281267500 | F19: 4.35 | G19: 2500
A21: TOTALES | E21: =SUM(E2:E20) -> 955641556897 | F21: =SUM(F2:F20) -> 39.39 | G21: =SUM(G2:G20) -> 31044 | H21: =SUM(H2:H20) -> 575 | I21: =SUM(I2:I20) -> 935 | J21: =SUM(J2:J20) -> 1765 | K21: =SUM(K2:K20) -> 2640 | L21: =SUM(L2:L20) -> 3170 | ... Y21: =SUM(Y2:Y20) -> 28544

Sheet Proyectado Usuarios
A1: Proyecto | B1: Departamento | C1: Municipio | D1: Operador de Red | E1: Inversion | F1: Potencia a Instalar MWp | G1: Usuarios Totales | H1: 05/05/2026 | I1: 10/05/2026 | J1: 15/05/2026 | K1: 20/05/2026 | L1: 25/05/2026 | M1: 30/05/2026 | N1: 04/06/2026 | O1: 09/06/2026 | P1: 14/06/2026 | Q1: 20/06/2026 | R1: 25/06/2026 | S1: 30/06/2026 | T1: 05/07/2026 | U1: 10/07/2026 | V1: 15/07/2026 | W1: 20/07/2026 | X1: 25/07/2026 | Y1: 30/07/2026 | Z1: 05/08/2026 | AA1: 10/08/2026 | AB1: 15/08/2026 | AC1: 20/08/2026 | AD1: 25/08/2026 | AE1: 30/08/2026 | AF1: 5/09/2026 | AG1: 10/09/2026
A2: Nuqui | B2: Chocó | C2: Nuqui | D2: DISPAC | E2: 79316865070 | F2: 4 | G2: 2036 | H2: 50 | I2: 100 | J2: 150 | K2: 200 | L2: 270 | M2: 320 | N2: 350 | O2: 370 | P2: 380 | Q2: 400 | R2: 900 | S2: 1100 | T2: 1450 | U2: 1650 | V2: 1700 | W2: 1800 | X2: 1900 | Y2: 2036
A3: Bahia Solano | B3: Chocó | C3: Bahia Solano | D3: GENSA | E3: 83008042889 | F3: 3 | G3: 2295 | H3: 0 | P3: 20 | Q3: 45 | R3: 115 | S3: 200 | T3: 230 | U3: 240 | V3: 290 | W3: 350 | X3: 370 | Y3: 400 | Z3: 425 | AA3: 525 | AB3: 775 | AC3: 1025 | AD3: 1275 | AE3: 1875 | AF3: 1975 | AG3: 2295
A4: Maicao Y Albania | B4: La Guajira | C4: Maicao Y Albania | D4: DISPAC | E4: 322709746890 | F4: 11.73 | G4: 10664 | H4: 0 | I4: 0 | J4: 80 | K4: 240 | L4: 400 | M4: 480 | N4: 560 | O4: 640 | P4: 720 | Q4: 800 | R4: 960 | S4: 1200 | T4: 1350 | U4: =Tabla1[[#This Row],[05/07/2026]]+800 -> 2150 | V4: =Tabla1[[#This Row],[10/07/2026]]+800 -> 2950 | W4: =Tabla1[[#This Row],[15/07/2026]]+800 -> 3750 | X4: =Tabla1[[#This Row],[20/07/2026]]+800 -> 4550 | Y4: =Tabla1[[#This Row],[25/07/2026]]+800 -> 5350 | Z4: =Tabla1[[#This Row],[30/07/2026]]+800 -> 6150 | AA4: =Tabla1[[#This Row],[05/08/2026]]+800 -> 6950 | AB4: =Tabla1[[#This Row],[10/08/2026]]+800 -> 7750 | AC4: =Tabla1[[#This Row],[15/08/2026]]+800 -> 8550 | AD4: =Tabla1[[#This Row],[20/08/2026]]+800 -> 9350 | AE4: 9800 | AF4: 10230 | AG4: 10664
A5: Norte De Santander | B5: Norte de Santander | C5: Teorama, El Carmen, Convención, Hacari, San Calixto, Tibu | D5: ELECTROCAQUETA | E5: 121589085878 | F5: 4.16 | G5: 3783 | H5: 0 | I5: 0 | J5: 0 | K5: 0 | L5: 0 | M5: 40 | N5: 100 | O5: 160 | P5: 160 | Q5: 160 | R5: 352 | S5: 544 | T5: 736 | U5: 976 | V5: 1168 | W5: 1360 | X5: 1600 | Y5: 1792 | Z5: 2032 | AA5: 2224 | AB5: 2464 | AC5: 2656 | AD5: 2856 | AE5: 3056 | AF5: 3306 | AG5: 3783
A6: Ricaurte | B6: Nariño | C6: Ricaurte | D6: ELECTROCAQUETA | E6: 27742028640 | F6: 0.95 | G6: 862 | H6: 0 | I6: 0 | J6: 0 | K6: 0 | L6: 0 | M6: 0 | N6: 0 | O6: 0 | P6: 0 | Q6: 48 | R6: 84 | S6: 84 | T6: 144 | U6: 232 | V6: 342 | W6: 430 | X6: 518 | Y6: 628 | Z6: 716 | AA6: 862
A7: Santa Marta | B7: Magdalena | C7: Santa Marta | D7: ELECTROCAQUETA | E7: 51087244522 | F7: 1.74 | G7: 1581 | H7: 0 | I7: 0 | J7: 0 | K7: 0 | L7: 0 | M7: 24 | N7: 120 | O7: 208 | P7: 296 | Q7: 416 | R7: 512 | S7: 512 | T7: 624 | U7: 728 | V7: 863 | W7: 983 | X7: 1103 | Y7: 1253 | Z7: 1333 | AA7: 1581
A8: Santander 11 Municipios | B8: Santander | C8: Bolivar, Charalá, El Peñón, Florian, La Belleza, Landazuri, Ocamonte, Simacota, Sucre, Zapatoca | D8: ELECTROCAQUETA | E8: 37573918087 | F8: 1.27 | G8: 1158 | H8: 0 | I8: 0 | J8: 0 | K8: 0 | L8: 0 | M8: 0 | N8: 36 | O8: 76 | P8: 124 | Q8: 194 | R8: 258 | S8: 258 | T8: 322 | U8: 410 | V8: 520 | W8: 608 | X8: 696 | Y8: 806 | Z8: 894 | AA8: 1158
A9: Santander - Guaca | B9: Santander | C9: Guaca | D9: ELECTROCAQUETA | E9: 4402514558 | F9: 0.19 | G9: 154 | H9: 0 | I9: 0 | J9: 0 | K9: 0 | L9: 0 | M9: 0 | N9: 24 | O9: 42 | P9: 60 | Q9: 90 | R9: 114 | S9: 114 | T9: 154
A10: La Uribe | B10: Meta | C10: La Uribe | D10: GENSA | E10: 31420264769 | F10: 1.21 | G10: 1003 | P10: 60 | Q10: 85 | R10: 155 | S10: 200 | T10: 225 | U10: 235 | V10: 285 | W10: 345 | X10: 365 | Y10: 400 | Z10: 450 | AA10: 460 | AB10: 480 | AC10: 580 | AD10: 780 | AE10: 790 | AF10: 810 | AG10: 1003
A11: Becerril | B11: Cesar | C11: Becerril | D11: ELECTROCAQUETA | E11: 18447808737 | F11: 0.76 | G11: 623 | H11: 60 | I11: 120 | J11: 180 | K11: 200 | L11: 250 | M11: 300 | N11: 350 | O11: 400 | P11: 430 | Q11: 460 | R11: 500 | S11: 530 | T11: 560 | U11: 580 | V11: 600 | W11: 610 | X11: 623
A12: Curumani | B12: Cesar | C12: Curumani | D12: ELECTROCAQUETA | E12: 18114661005 | F12: 0.76 | G12: 624 | H12: 0 | I12: 0 | J12: 0 | K12: 100 | L12: 100 | M12: 100 | N12: 125 | O12: 230 | P12: 270 | Q12: 350 | R12: 440 | S12: 510 | T12: 550 | U12: 590 | V12: 620 | W12: 624 | X12: 624
A13: Uribia | B13: La Guajira | C13: Uribia | D13: GENSA | E13: 30713269905 | F13: 1.2 | G13: 1000 | H13: 0 | I13: 0 | J13: 0 | K13: 0 | L13: 0 | M13: 0 | N13: 0 | O13: 0 | P13: 60 | Q13: 85 | R13: 155 | S13: 200 | T13: 210 | U13: 220 | V13: 270 | W13: 330 | X13: 350 | Y13: 400 | Z13: 500 | AA13: 510 | AB13: 530 | AC13: 630 | AD13: 830 | AE13: 840 | AF13: 860 | AG13: 1000
A14: San Miguel | B14: Putumayo | C14: San Miguel | D14: GENSA | E14: 6880380834 | F14: 0.31 | G14: 217 | H14: 0 | I14: 0 | J14: 0 | K14: 0 | L14: 0 | M14: 0 | N14: 0 | O14: 0 | P14: 20 | Q14: 35 | R14: 45 | S14: 50 | T14: 60 | U14: 62 | V14: 70 | W14: 75 | X14: 95 | Y14: 110 | Z14: 120 | AA14: 130 | AB14: 150 | AC14: 175 | AD14: 180 | AE14: 185 | AF14: 200 | AG14: 217
A15: Valle Del Guamuez | B15: Putumayo | C15: Valle Del Guamuez | D15: GENSA | E15: 22802905997 | F15: 0.72 | G15: 719 | H15: 0 | I15: 0 | J15: 0 | K15: 0 | L15: 0 | M15: 0 | N15: 0 | O15: 0 | P15: 10 | Q15: 35 | R15: 105 | S15: 200 | T15: 220 | U15: 230 | V15: 280 | W15: 340 | X15: 360 | Y15: 400 | Z15: 420 | AA15: 430 | AB15: 440 | AC15: 490 | AD15: 600 | AE15: 610 | AF15: 630 | AG15: 719
A16: Villa Garzon | B16: Putumayo | C16: Villa Garzon | D16: GENSA | E16: 9349545113 | F16: 0.42 | G16: 293 | H16: 0 | I16: 0 | J16: 0 | K16: 0 | L16: 0 | M16: 0 | N16: 0 | O16: 0 | P16: 10 | Q16: 20 | R16: 30 | S16: 50 | T16: 60 | U16: 70 | V16: 80 | W16: 85 | X16: 90 | Y16: 100 | Z16: 110 | AA16: 120 | AB16: 130 | AC16: 150 | AD16: 160 | AE16: 180 | AF16: 185 | AG16: 293
A17: Puerto Guzman | B17: Putumayo | C17: Puerto Guzman | D17: GENSA | E17: 24764667070 | F17: 1.1 | G17: 777 | H17: 0 | I17: 0 | J17: 0 | K17: 0 | L17: 0 | M17: 0 | N17: 0 | O17: 0 | P17: 60 | Q17: 85 | R17: 155 | S17: 200 | T17: 225 | U17: 235 | V17: 285 | W17: 345 | X17: 365 | Y17: 300 | Z17: 320 | AA17: 330 | AB17: 340 | AC17: 390 | AD17: 500 | AE17: 510 | AF17: 530 | AG17: 777
A18: Cartagena Del Chaira | B18: Caquetá | C18: Cartagena Del Chaira | D18: GENSA | E18: 24437339433 | F18: 1.52 | G18: 755 | H18: 0 | I18: 0 | J18: 0 | K18: 0 | L18: 0 | M18: 0 | N18: 0 | O18: 0 | P18: 35 | Q18: 60 | R18: 130 | S18: 200 | T18: 220 | U18: 230 | V18: 280 | W18: 340 | X18: 360 | Y18: 300 | Z18: 310 | AA18: 320 | AB18: 330 | AC18: 380 | AD18: 490 | AE18: 500 | AF18: 520 | AG18: 755
A19: Villas de San Pablo | B19: Atlantico | C19: Atlantico | D19: GECELCA | E19: 41281267500 | F19: 4.35 | G19: 2500 | H19: 0 | I19: 0 | J19: 0 | K19: 0 | L19: 100 | M19: 512 | N19: =Tabla1[[#This Row],[30/05/2026]]+60 -> 572 | O19: =Tabla1[[#This Row],[04/06/2026]]+60 -> 632 | P19: =Tabla1[[#This Row],[09/06/2026]]+60 -> 692 | Q19: =Tabla1[[#This Row],[14/06/2026]]+120 -> 812 | R19: =Tabla1[[#This Row],[20/06/2026]]+120 -> 932 | S19: =Tabla1[[#This Row],[25/06/2026]]+120 -> 1052 | T19: 1200 | U19: 1420 | V19: 1720 | W19: 1920 | X19: 2120 | Y19: 2320 | Z19: 2500
A21: TOTALES | E21: =SUM(E2:E20) -> 955641556897 | F21: =SUM(F2:F20) -> 39.39 | G21: =SUM(G2:G20) -> 31044 | H21: =SUM(H2:H20) -> 110 | I21: =SUM(I2:I20) -> 220 | J21: =SUM(J2:J20) -> 410 | K21: =SUM(K2:K20) -> 740 | L21: =SUM(L2:L20) -> 1120 | ... AG21: =SUM(AG2:AG20) -> 21506
G27: ELECTROCAQUETA | H27: 05/05/2026 | I27: 10/05/2026 | J27: 15/05/2026 | K27: 20/05/2026 | L27: 25/05/2026 | M27: 30/05/2026 | N27: 04/06/2026 | O27: 09/06/2026 | P27: 14/06/2026 | Q27: 20/06/2026 | R27: 25/06/2026 | S27: 30/06/2026 | T27: 05/07/2026 | U27: 10/07/2026 | V27: 15/07/2026 | W27: 20/07/2026 | X27: 25/07/2026 | Y27: 30/07/2026 | Z27: 05/08/2026 | AA27: 10/08/2026 | AB27: 15/08/2026 | AC27: 20/08/2026 | AD27: 25/08/2026 | AE27: 30/08/2026 | AF27: 5/09/2026 | AG27: 10/09/2026
G28: =A5 -> Norte De Santander | H28: =H5 -> 0 | I28: =I5-H5 -> 0 | J28: =J5-I5 -> 0 | K28: =K5-J5 -> 0 | L28: =L5-K5 -> 0 | M28: =M5-L5 -> 40 | N28: =N5-M5 -> 60 | O28: =O5-N5 -> 60 | P28: =P5-O5 -> 0 | ... AG28: =AG5-AF5 -> 477
G29: =A6 -> Ricaurte | H29: =H6 -> 0 | I29: =I6-H6 -> 0 | J29: =J6-I6 -> 0 | K29: =K6-J6 -> 0 | L29: =L6-K6 -> 0 | M29: =M6-L6 -> 0 | N29: =N6-M6 -> 0 | O29: =O6-N6 -> 0 | P29: =P6-O6 -> 0 | ... AA29: =AA6-Z6 -> 146 | AC29: =AC6-AB6 -> 0 | AD29: =AD6-AC6 -> 0 | AE29: =AE6-AD6 -> 0 | AF29: =AF6-AE6 -> 0 | AG29: =AG6-AF6 -> 0
G30: =A7 -> Santa Marta | H30: =H7 -> 0 | I30: =I7-H7 -> 0 | J30: =J7-I7 -> 0 | K30: =K7-J7 -> 0 | L30: =L7-K7 -> 0 | M30: =M7-L7 -> 24 | N30: =N7-M7 -> 96 | O30: =O7-N7 -> 88 | P30: =P7-O7 -> 88 | ... AA30: =AA7-Z7 -> 248 | AC30: =AC7-AB7 -> 0 | AD30: =AD7-AC7 -> 0 | AE30: =AE7-AD7 -> 0 | AF30: =AF7-AE7 -> 0 | AG30: =AG7-AF7 -> 0
G31: =A8 -> Santander 11 Municipios | H31: =H8 -> 0 | I31: =I8-H8 -> 0 | J31: =J8-I8 -> 0 | K31: =K8-J8 -> 0 | L31: =L8-K8 -> 0 | M31: =M8-L8 -> 0 | N31: =N8-M8 -> 36 | O31: =O8-N8 -> 40 | P31: =P8-O8 -> 48 | ... AA31: =AA8-Z8 -> 264 | AC31: =AC8-AB8 -> 0 | AD31: =AD8-AC8 -> 0 | AE31: =AE8-AD8 -> 0 | AF31: =AF8-AE8 -> 0 | AG31: =AG8-AF8 -> 0
G32: =A9 -> Santander - Guaca | H32: =H9 -> 0 | I32: =I9-H9 -> 0 | J32: =J9-I9 -> 0 | K32: =K9-J9 -> 0 | L32: =L9-K9 -> 0 | M32: =M9-L9 -> 0 | N32: =N9-M9 -> 24 | O32: =O9-N9 -> 18 | P32: =P9-O9 -> 18 | ... T32: =T9-S9 -> 40 | V32: =V9-U9 -> 0 | W32: =W9-V9 -> 0 | X32: =X9-W9 -> 0 | Y32: =Y9-X9 -> 0 | Z32: =Z9-Y9 -> 0 | AA32: =AA9-Z9 -> 0 | AB32: =AB9-AA9 -> 0 | AC32: =AC9-AB9 -> 0 | ... AG32: =AG9-AF9 -> 0
G33: Becerril | H33: =H11 -> 60 | I33: =I11-H11 -> 60 | J33: =J11-I11 -> 60 | K33: =K11-J11 -> 20 | L33: =L11-K11 -> 50 | M33: =M11-L11 -> 50 | N33: =N11-M11 -> 50 | O33: =O11-N11 -> 50 | P33: =P11-O11 -> 30 | ... X33: =X11-W11 -> 13 | AA33: =AA10-Z10 -> 10 | AB33: =AB10-AA10 -> 20 | AC33: =AC10-AB10 -> 100 | AD33: =AD10-AC10 -> 200 | AE33: =AE10-AD10 -> 10 | AF33: =AF10-AE10 -> 20 | AG33: =AG10-AF10 -> 193
G34: =A12 -> Curumani | H34: =H12 -> 0 | I34: =I12-H12 -> 0 | J34: =J12-I12 -> 0 | K34: =K12-J12 -> 100 | L34: =L12-K12 -> 0 | M34: =M12-L12 -> 0 | N34: =N12-M12 -> 25 | O34: =O12-N12 -> 105 | P34: =P12-O12 -> 40 | ... X34: =X12-W12 -> 0 | AA34: =AA11-Z11 -> 0 | AB34: =AB11-AA11 -> 0 | AC34: =AC11-AB11 -> 0 | AD34: =AD11-AC11 -> 0 | AE34: =AE11-AD11 -> 0 | AF34: =AF11-AE11 -> 0 | AG34: =AG11-AF11 -> 0
G35: Totales | H35: =SUM(H28:H34) -> 60 | I35: =SUM(I28:I34) -> 60 | J35: =SUM(J28:J34) -> 60 | K35: =SUM(K28:K34) -> 120 | L35: =SUM(L28:L34) -> 50 | M35: =SUM(M28:M34) -> 114 | N35: =SUM(N28:N34) -> 291 | O35: =SUM(O28:O34) -> 361 | ... X35: =SUM(X28:X34) -> 549 | AA35: =AA12-Z12 -> 0 | AB35: =AB12-AA12 -> 0 | AC35: =AC12-AB12 -> 0 | AD35: =AD12-AC12 -> 0 | AE35: =AE12-AD12 -> 0 | AF35: =AF12-AE12 -> 0 | AG35: =AG12-AF12 -> 0
G38: DISPAC | H38: 05/05/2026 | I38: 10/05/2026 | J38: 15/05/2026 | K38: 20/05/2026 | L38: 25/05/2026 | M38: 30/05/2026 | N38: 04/06/2026 | O38: 09/06/2026 | P38: 14/06/2026 | Q38: 20/06/2026 | R38: 25/06/2026 | S38: 30/06/2026 | T38: 05/07/2026 | U38: 10/07/2026 | V38: 15/07/2026 | W38: 20/07/2026 | X38: 25/07/2026 | Y38: 30/07/2026 | Z38: 05/08/2026 | AA38: 10/08/2026 | AB38: 15/08/2026 | AC38: 20/08/2026 | AD38: 25/08/2026 | AE38: 30/08/2026 | AF38: 5/09/2026 | AG38: 10/09/2026
G39: =C2 -> Nuqui | H39: =H2 -> 50 | I39: =I2-H2 -> 50 | J39: =J2-I2 -> 50 | K39: =K2-J2 -> 50 | L39: =L2-K2 -> 70 | M39: =M2-L2 -> 50 | N39: =N2-M2 -> 30 | O39: =O2-N2 -> 20 | P39: =P2-O2 -> 10 | ... Y39: =Y2-X2 -> 136 | AA39: =AA2-Z2 -> 0 | AB39: =AB2-AA2 -> 0 | AC39: =AC2-AB2 -> 0 | AD39: =AD2-AC2 -> 0 | AE39: =AE2-AD2 -> 0 | AF39: =AF2-AE2 -> 0 | AG39: =AG2-AF2 -> 0
G40: =C4 -> Maicao Y Albania | H40: =H4 -> 0 | I40: =I4-H4 -> 0 | J40: =J4-I4 -> 80 | K40: =K4-J4 -> 160 | L40: =L4-K4 -> 160 | M40: =M4-L4 -> 80 | N40: =N4-M4 -> 80 | O40: =O4-N4 -> 80 | P40: =P4-O4 -> 80 | ... AG40: =AG4-AF4 -> 434
G41: Totales | H41: =SUM(H39:H40) -> 50 | I41: =SUM(I39:I40) -> 50 | J41: =SUM(J39:J40) -> 130 | K41: =SUM(K39:K40) -> 210 | L41: =SUM(L39:L40) -> 230 | M41: =SUM(M39:M40) -> 130 | N41: =SUM(N39:N40) -> 110 | O41: =SUM(O39:O40) -> 100 | ... X41: =SUM(X39:X40) -> 900 | AA41: =AA23-Z23 -> 0 | AB41: =AB23-AA23 -> 0 | AC41: =AC23-AB23 -> 0 | AD41: =AD23-AC23 -> 0 | AE41: =AE23-AD23 -> 0 | AF41: =AF23-AE23 -> 0 | AG41: =AG23-AF23 -> 0
G44: GENSA | H44: 05/05/2026 | I44: 10/05/2026 | J44: 15/05/2026 | K44: 20/05/2026 | L44: 25/05/2026 | M44: 30/05/2026 | N44: 04/06/2026 | O44: 09/06/2026 | P44: 14/06/2026 | Q44: 20/06/2026 | R44: 25/06/2026 | S44: 30/06/2026 | T44: 05/07/2026 | U44: 10/07/2026 | V44: 15/07/2026 | W44: 20/07/2026 | X44: 25/07/2026 | Y44: 30/07/2026 | Z44: 05/08/2026 | AA44: 10/08/2026 | AB44: 15/08/2026 | AC44: 20/08/2026 | AD44: 25/08/2026 | AE44: 30/08/2026 | AF44: 5/09/2026 | AG44: 10/09/2026
G45: =C3 -> Bahia Solano | H45: =H3 -> 0 | I45: =I3-H3 -> 0 | J45: =J3-I3 -> 0 | K45: =K3-J3 -> 0 | L45: =L3-K3 -> 0 | M45: =M3-L3 -> 0 | N45: =N3-M3 -> 0 | O45: =O3-N3 -> 0 | P45: =P3-O3 -> 20 | ... AG45: =AG3-AF3 -> 320
G46: =C10 -> La Uribe | H46: =H10 -> 0 | I46: =I10-H10 -> 0 | J46: =J10-I10 -> 0 | K46: =K10-J10 -> 0 | L46: =L10-K10 -> 0 | M46: =M10-L10 -> 0 | N46: =N10-M10 -> 0 | O46: =O10-N10 -> 0 | P46: =P10-O10 -> 60 | ... AG46: =AG10-AF10 -> 193
G47: =C13 -> Uribia | H47: =H13 -> 0 | I47: =I13-H13 -> 0 | J47: =J13-I13 -> 0 | K47: =K13-J13 -> 0 | L47: =L13-K13 -> 0 | M47: =M13-L13 -> 0 | N47: =N13-M13 -> 0 | O47: =O13-N13 -> 0 | P47: =P13-O13 -> 60 | ... AG47: =AG13-AF13 -> 140
G48: =C14 -> San Miguel | H48: =H14 -> 0 | I48: =I14-H14 -> 0 | J48: =J14-I14 -> 0 | K48: =K14-J14 -> 0 | L48: =L14-K14 -> 0 | M48: =M14-L14 -> 0 | N48: =N14-M14 -> 0 | O48: =O14-N14 -> 0 | P48: =P14-O14 -> 20 | ... AG48: =AG14-AF14 -> 17
G49: =C15 -> Valle Del Guamuez | H49: =H15 -> 0 | I49: =I15-H15 -> 0 | J49: =J15-I15 -> 0 | K49: =K15-J15 -> 0 | L49: =L15-K15 -> 0 | M49: =M15-L15 -> 0 | N49: =N15-M15 -> 0 | O49: =O15-N15 -> 0 | P49: =P15-O15 -> 10 | ... AG49: =AG15-AF15 -> 89
G50: =C16 -> Villa Garzon | H50: =H16 -> 0 | I50: =I16-H16 -> 0 | J50: =J16-I16 -> 0 | K50: =K16-J16 -> 0 | L50: =L16-K16 -> 0 | M50: =M16-L16 -> 0 | N50: =N16-M16 -> 0 | O50: =O16-N16 -> 0 | P50: =P16-O16 -> 10 | ... AG50: =AG16-AF16 -> 108
G51: =C17 -> Puerto Guzman | H51: =H17 -> 0 | I51: =I17-H17 -> 0 | J51: =J17-I17 -> 0 | K51: =K17-J17 -> 0 | L51: =L17-K17 -> 0 | M51: =M17-L17 -> 0 | N51: =N17-M17 -> 0 | O51: =O17-N17 -> 0 | P51: =P17-O17 -> 60 | ... AG51: =AG17-AF17 -> 247
G52: =C18 -> Cartagena Del Chaira | H52: =H18 -> 0 | I52: =I18-H18 -> 0 | J52: =J18-I18 -> 0 | K52: =K18-J18 -> 0 | L52: =L18-K18 -> 0 | M52: =M18-L18 -> 0 | N52: =N18-M18 -> 0 | O52: =O18-N18 -> 0 | P52: =P18-O18 -> 35 | ... AG52: =AG18-AF18 -> 235
G53: Totales | H53: =SUM(H46:H52) -> 0 | I53: =SUM(I46:I52) -> 0 | J53: =SUM(J46:J52) -> 0 | K53: =SUM(K46:K52) -> 0 | L53: =SUM(L46:L52) -> 0 | M53: =SUM(M46:M52) -> 0 | N53: =SUM(N46:N52) -> 0 | O53: =SUM(O46:O52) -> 0 | ... AG53: =SUM(AG46:AG52) -> 1029
G56: GECELCA | H56: 05/05/2026 | I56: 10/05/2026 | J56: 15/05/2026 | K56: 20/05/2026 | L56: 25/05/2026 | M56: 30/05/2026 | N56: 04/06/2026 | O56: 09/06/2026 | P56: 14/06/2026 | Q56: 20/06/2026 | R56: 25/06/2026 | S56: 30/06/2026 | T56: 05/07/2026 | U56: 10/07/2026 | V56: 15/07/2026 | W56: 20/07/2026 | X56: 25/07/2026 | Y56: 30/07/2026 | Z56: 05/08/2026 | AA56: 10/08/2026 | AB56: 15/08/2026 | AC56: 20/08/2026 | AD56: 25/08/2026 | AE56: 30/08/2026 | AF56: 5/09/2026 | AG56: 10/09/2026
G57: =A19 -> Villas de San Pablo | H57: =H19 -> 0 | I57: =I19-H19 -> 0 | J57: =J19-I19 -> 0 | K57: =K19-J19 -> 0 | L57: =L19-K19 -> 100 | M57: =M19-L19 -> 412 | N57: =N19-M19 -> 60 | O57: =O19-N19 -> 60 | P57: =P19-O19 -> 60 | ... Z57: =Z19-Y19 -> 180 | AB57: =AB19-AA19 -> 0 | AC57: =AC19-AB19 -> 0 | AD57: =AD19-AC19 -> 0 | AE57: =AE19-AD19 -> 0 | AF57: =AF19-AE19 -> 0 | AG57: =AG19-AF19 -> 0
G58: Totales | H58: =SUM(H57:H57) -> 0 | I58: =SUM(I57:I57) -> 0 | J58: =SUM(J57:J57) -> 0 | K58: =SUM(K57:K57) -> 0 | L58: =SUM(L57:L57) -> 100 | M58: =SUM(M57:M57) -> 412 | N58: =SUM(N57:N57) -> 60 | O58: =SUM(O57:O57) -> 60 | ... Z58: =SUM(Z57:Z57) -> 180 | AA58: =AA41-Z41 -> 0 | AB58: =AB41-AA41 -> 0 | AC58: =AC41-AB41 -> 0 | AD58: =AD41-AC41 -> 0 | AE58: =AE41-AD41 -> 0 | AF58: =AF41-AE41 -> 0 | AG58: =AG41-AF41 -> 0

Sheet Proyectado Potencia
A1: Proyecto | B1: Departamento | C1: Municipio | D1: Operador de Red | E1: Inversion | F1: Potencia a Instalar MWp | G1: Usuarios Totales | H1: 05/05/2026 | I1: 10/05/2026 | J1: 15/05/2026 | K1: 20/05/2026 | L1: 25/05/2026 | M1: 30/05/2026 | N1: 04/06/2026 | O1: 09/06/2026 | P1: 14/06/2026 | Q1: 20/06/2026 | R1: 25/06/2026 | S1: 30/06/2026 | T1: 05/07/2026 | U1: 10/07/2026 | V1: 15/07/2026 | W1: 20/07/2026 | X1: 25/07/2026 | Y1: 30/07/2026 | Z1: 05/08/2026 | AA1: 10/08/2026 | AB1: 15/08/2026 | AC1: 20/08/2026 | AD1: 25/08/2026 | AE1: 30/08/2026 | AF1: 5/09/2026 | AG1: 10/09/2026
A2: Nuqui | B2: Chocó | C2: Nuqui | D2: DISPAC | E2: 79316865070 | F2: 4 | G2: 2036 | H2: =IFERROR($F2*'Proyectado Usuarios'!H2/$G2,0) -> 0.098231827 | I2: =IFERROR($F2*'Proyectado Usuarios'!I2/$G2,0) -> 0.19646365 | J2: =IFERROR($F2*'Proyectado Usuarios'!J2/$G2,0) -> 0.29469548 | K2: =IFERROR($F2*'Proyectado Usuarios'!K2/$G2,0) -> 0.39292731 | L2: =IFERROR($F2*'Proyectado Usuarios'!L2/$G2,0) -> 0.53045187 | M2: =IFERROR($F2*'Proyectado Usuarios'!M2/$G2,0) -> 0.62868369 | N2: =IFERROR($F2*'Proyectado Usuarios'!N2/$G2,0) -> 0.68762279 | O2: =IFERROR($F2*'Proyectado Usuarios'!O2/$G2,0) -> 0.72691552 | ... AG2: =IFERROR($F2*'Proyectado Usuarios'!AG2/$G2,0) -> 0
A3: Bahia Solano | B3: Chocó | C3: Bahia Solano | D3: GENSA | E3: 83008042889 | F3: 3 | G3: 2295 | H3: =IFERROR($F3*'Proyectado Usuarios'!H3/$G3,0) -> 0 | I3: =IFERROR($F3*'Proyectado Usuarios'!I3/$G3,0) -> 0 | J3: =IFERROR($F3*'Proyectado Usuarios'!J3/$G3,0) -> 0 | K3: =IFERROR($F3*'Proyectado Usuarios'!K3/$G3,0) -> 0 | L3: =IFERROR($F3*'Proyectado Usuarios'!L3/$G3,0) -> 0 | M3: =IFERROR($F3*'Proyectado Usuarios'!M3/$G3,0) -> 0 | N3: =IFERROR($F3*'Proyectado Usuarios'!N3/$G3,0) -> 0 | O3: =IFERROR($F3*'Proyectado Usuarios'!O3/$G3,0) -> 0 | ... AG3: =IFERROR($F3*'Proyectado Usuarios'!AG3/$G3,0) -> 3
A4: Maicao Y Albania | B4: La Guajira | C4: Maicao Y Albania | D4: DISPAC | E4: 322709746890 | F4: 11.73 | G4: 10664 | H4: =IFERROR($F4*'Proyectado Usuarios'!H4/$G4,0) -> 0 | I4: =IFERROR($F4*'Proyectado Usuarios'!I4/$G4,0) -> 0 | J4: =IFERROR($F4*'Proyectado Usuarios'!J4/$G4,0) -> 0.087996999 | K4: =IFERROR($F4*'Proyectado Usuarios'!K4/$G4,0) -> 0.263991 | L4: =IFERROR($F4*'Proyectado Usuarios'!L4/$G4,0) -> 0.439985 | M4: =IFERROR($F4*'Proyectado Usuarios'!M4/$G4,0) -> 0.527982 | N4: =IFERROR($F4*'Proyectado Usuarios'!N4/$G4,0) -> 0.61597899 | O4: =IFERROR($F4*'Proyectado Usuarios'!O4/$G4,0) -> 0.70397599 | ... AG4: =IFERROR($F4*'Proyectado Usuarios'!AG4/$G4,0) -> 11.73
A5: Norte De Santander | B5: Norte de Santander | C5: Teorama, El Carmen, Convención, Hacari, San Calixto, Tibu | D5: ELECTROCAQUETA | E5: 121589085878 | F5: 4.16 | G5: 3783 | H5: =IFERROR($F5*'Proyectado Usuarios'!H5/$G5,0) -> 0 | I5: =IFERROR($F5*'Proyectado Usuarios'!I5/$G5,0) -> 0 | J5: =IFERROR($F5*'Proyectado Usuarios'!J5/$G5,0) -> 0 | K5: =IFERROR($F5*'Proyectado Usuarios'!K5/$G5,0) -> 0 | L5: =IFERROR($F5*'Proyectado Usuarios'!L5/$G5,0) -> 0 | M5: =IFERROR($F5*'Proyectado Usuarios'!M5/$G5,0) -> 0.043986254 | N5: =IFERROR($F5*'Proyectado Usuarios'!N5/$G5,0) -> 0.10996564 | O5: =IFERROR($F5*'Proyectado Usuarios'!O5/$G5,0) -> 0.17594502 | ... AG5: =IFERROR($F5*'Proyectado Usuarios'!AG5/$G5,0) -> 4.16
A6: Ricaurte | B6: Nariño | C6: Ricaurte | D6: ELECTROCAQUETA | E6: 27742028640 | F6: 0.95 | G6: 862 | H6: =IFERROR($F6*'Proyectado Usuarios'!H6/$G6,0) -> 0 | I6: =IFERROR($F6*'Proyectado Usuarios'!I6/$G6,0) -> 0 | J6: =IFERROR($F6*'Proyectado Usuarios'!J6/$G6,0) -> 0 | K6: =IFERROR($F6*'Proyectado Usuarios'!K6/$G6,0) -> 0 | L6: =IFERROR($F6*'Proyectado Usuarios'!L6/$G6,0) -> 0 | M6: =IFERROR($F6*'Proyectado Usuarios'!M6/$G6,0) -> 0 | N6: =IFERROR($F6*'Proyectado Usuarios'!N6/$G6,0) -> 0 | O6: =IFERROR($F6*'Proyectado Usuarios'!O6/$G6,0) -> 0 | ... AG6: =IFERROR($F6*'Proyectado Usuarios'!AG6/$G6,0) -> 0
A7: Santa Marta | B7: Magdalena | C7: Santa Marta | D7: ELECTROCAQUETA | E7: 51087244522 | F7: 1.74 | G7: 1581 | H7: =IFERROR($F7*'Proyectado Usuarios'!H7/$G7,0) -> 0 | I7: =IFERROR($F7*'Proyectado Usuarios'!I7/$G7,0) -> 0 | J7: =IFERROR($F7*'Proyectado Usuarios'!J7/$G7,0) -> 0 | K7: =IFERROR($F7*'Proyectado Usuarios'!K7/$G7,0) -> 0 | L7: =IFERROR($F7*'Proyectado Usuarios'!L7/$G7,0) -> 0 | M7: =IFERROR($F7*'Proyectado Usuarios'!M7/$G7,0) -> 0.026413662 | N7: =IFERROR($F7*'Proyectado Usuarios'!N7/$G7,0) -> 0.13206831 | O7: =IFERROR($F7*'Proyectado Usuarios'!O7/$G7,0) -> 0.22891841 | ... AG7: =IFERROR($F7*'Proyectado Usuarios'!AG7/$G7,0) -> 0
A8: Santander 11 Municipios | B8: Santander | C8: Bolivar, Charalá, El Peñón, Florian, La Belleza, Landazuri, Ocamonte, Simacota, Sucre, Zapatoca | D8: ELECTROCAQUETA | E8: 37573918087 | F8: 1.27 | G8: 1158 | H8: =IFERROR($F8*'Proyectado Usuarios'!H8/$G8,0) -> 0 | I8: =IFERROR($F8*'Proyectado Usuarios'!I8/$G8,0) -> 0 | J8: =IFERROR($F8*'Proyectado Usuarios'!J8/$G8,0) -> 0 | K8: =IFERROR($F8*'Proyectado Usuarios'!K8/$G8,0) -> 0 | L8: =IFERROR($F8*'Proyectado Usuarios'!L8/$G8,0) -> 0 | M8: =IFERROR($F8*'Proyectado Usuarios'!M8/$G8,0) -> 0 | N8: =IFERROR($F8*'Proyectado Usuarios'!N8/$G8,0) -> 0.039481865 | O8: =IFERROR($F8*'Proyectado Usuarios'!O8/$G8,0) -> 0.083350604 | ... AG8: =IFERROR($F8*'Proyectado Usuarios'!AG8/$G8,0) -> 0
A9: Santander - Guaca | B9: Santander | C9: Guaca | D9: ELECTROCAQUETA | E9: 4402514558 | F9: 0.19 | G9: 154 | H9: =IFERROR($F9*'Proyectado Usuarios'!H9/$G9,0) -> 0 | I9: =IFERROR($F9*'Proyectado Usuarios'!I9/$G9,0) -> 0 | J9: =IFERROR($F9*'Proyectado Usuarios'!J9/$G9,0) -> 0 | K9: =IFERROR($F9*'Proyectado Usuarios'!K9/$G9,0) -> 0 | L9: =IFERROR($F9*'Proyectado Usuarios'!L9/$G9,0) -> 0 | M9: =IFERROR($F9*'Proyectado Usuarios'!M9/$G9,0) -> 0 | N9: =IFERROR($F9*'Proyectado Usuarios'!N9/$G9,0) -> 0.02961039 | O9: =IFERROR($F9*'Proyectado Usuarios'!O9/$G9,0) -> 0.051818182 | ... AG9: =IFERROR($F9*'Proyectado Usuarios'!AG9/$G9,0) -> 0
A10: La Uribe | B10: Meta | C10: La Uribe | D10: GENSA | E10: 31420264769 | F10: 1.21 | G10: 1003 | H10: =IFERROR($F10*'Proyectado Usuarios'!H10/$G10,0) -> 0 | I10: =IFERROR($F10*'Proyectado Usuarios'!I10/$G10,0) -> 0 | J10: =IFERROR($F10*'Proyectado Usuarios'!J10/$G10,0) -> 0 | K10: =IFERROR($F10*'Proyectado Usuarios'!K10/$G10,0) -> 0 | L10: =IFERROR($F10*'Proyectado Usuarios'!L10/$G10,0) -> 0 | M10: =IFERROR($F10*'Proyectado Usuarios'!M10/$G10,0) -> 0 | N10: =IFERROR($F10*'Proyectado Usuarios'!N10/$G10,0) -> 0 | O10: =IFERROR($F10*'Proyectado Usuarios'!O10/$G10,0) -> 0 | ... AG10: =IFERROR($F10*'Proyectado Usuarios'!AG10/$G10,0) -> 1.21
A11: Becerril | B11: Cesar | C11: Becerril | D11: ELECTROCAQUETA | E11: 18447808737 | F11: 0.76 | G11: 623 | H11: =IFERROR($F11*'Proyectado Usuarios'!H11/$G11,0) -> 0.073194222 | I11: =IFERROR($F11*'Proyectado Usuarios'!I11/$G11,0) -> 0.14638844 | J11: =IFERROR($F11*'Proyectado Usuarios'!J11/$G11,0) -> 0.21958266 | K11: =IFERROR($F11*'Proyectado Usuarios'!K11/$G11,0) -> 0.24398074 | L11: =IFERROR($F11*'Proyectado Usuarios'!L11/$G11,0) -> 0.30497592 | M11: =IFERROR($F11*'Proyectado Usuarios'!M11/$G11,0) -> 0.36597111 | N11: =IFERROR($F11*'Proyectado Usuarios'!N11/$G11,0) -> 0.42696629 | O11: =IFERROR($F11*'Proyectado Usuarios'!O11/$G11,0) -> 0.48796148 | ... AG11: =IFERROR($F11*'Proyectado Usuarios'!AG11/$G11,0) -> 0
A12: Curumani | B12: Cesar | C12: Curumani | D12: ELECTROCAQUETA | E12: 18114661005 | F12: 0.76 | G12: 624 | H12: =IFERROR($F12*'Proyectado Usuarios'!H12/$G12,0) -> 0 | I12: =IFERROR($F12*'Proyectado Usuarios'!I12/$G12,0) -> 0 | J12: =IFERROR($F12*'Proyectado Usuarios'!J12/$G12,0) -> 0 | K12: =IFERROR($F12*'Proyectado Usuarios'!K12/$G12,0) -> 0.12179487 | L12: =IFERROR($F12*'Proyectado Usuarios'!L12/$G12,0) -> 0.12179487 | M12: =IFERROR($F12*'Proyectado Usuarios'!M12/$G12,0) -> 0.12179487 | N12: =IFERROR($F12*'Proyectado Usuarios'!N12/$G12,0) -> 0.15224359 | O12: =IFERROR($F12*'Proyectado Usuarios'!O12/$G12,0) -> 0.28012821 | ... AG12: =IFERROR($F12*'Proyectado Usuarios'!AG12/$G12,0) -> 0
A13: Uribia | B13: La Guajira | C13: Uribia | D13: GENSA | E13: 30713269905 | F13: 1.2 | G13: 1000 | H13: =IFERROR($F13*'Proyectado Usuarios'!H13/$G13,0) -> 0 | I13: =IFERROR($F13*'Proyectado Usuarios'!I13/$G13,0) -> 0 | J13: =IFERROR($F13*'Proyectado Usuarios'!J13/$G13,0) -> 0 | K13: =IFERROR($F13*'Proyectado Usuarios'!K13/$G13,0) -> 0 | L13: =IFERROR($F13*'Proyectado Usuarios'!L13/$G13,0) -> 0 | M13: =IFERROR($F13*'Proyectado Usuarios'!M13/$G13,0) -> 0 | N13: =IFERROR($F13*'Proyectado Usuarios'!N13/$G13,0) -> 0 | O13: =IFERROR($F13*'Proyectado Usuarios'!O13/$G13,0) -> 0 | ... AG13: =IFERROR($F13*'Proyectado Usuarios'!AG13/$G13,0) -> 1.2
... A18: Cartagena Del Chaira | B18: Caquetá | C18: Cartagena Del Chaira | D18: GENSA | E18: 24437339433 | F18: 1.52 | G18: 755 | H18: =IFERROR($F18*'Proyectado Usuarios'!H18/$G18,0) -> 0 | I18: =IFERROR($F18*'Proyectado Usuarios'!I18/$G18,0) -> 0 | J18: =IFERROR($F18*'Proyectado Usuarios'!J18/$G18,0) -> 0 | K18: =IFERROR($F18*'Proyectado Usuarios'!K18/$G18,0) -> 0 | L18: =IFERROR($F18*'Proyectado Usuarios'!L18/$G18,0) -> 0 | M18: =IFERROR($F18*'Proyectado Usuarios'!M18/$G18,0) -> 0 | N18: =IFERROR($F18*'Proyectado Usuarios'!N18/$G18,0) -> 0 | O18: =IFERROR($F18*'Proyectado Usuarios'!O18/$G18,0) -> 0 | ... AG18: =IFERROR($F18*'Proyectado Usuarios'!AG18/$G18,0) -> 1.52
A20: Villas de San Pablo | B20: Atlantico | C20: Atlantico | D20: GECELCA | E20: 41281267500 | F20: 4.35 | G20: 2500
A22: TOTALES | E22: =SUM(E2:E21) -> 955641556897 | F22: =SUM(F2:F21) -> 39.39 | G22: =SUM(G2:G21) -> 31044 | H22: =SUM(H2:H21) -> 0.17142605 | I22: =SUM(I2:I21) -> 0.3428521 | J22: =SUM(J2:J21) -> 0.60227515 | K22: =SUM(K2:K21) -> 1.0226939 | L22: =SUM(L2:L21) -> 1.3972077 | ... Y22: =SUM(Y2:Y21) -> 18.025619

Sheet Reportado Obras Civiles
A1: Proyecto | B1: Departamento | C1: Municipio | D1: Operador de Red | E1: Inversion | F1: Potencia a Instalar MWp | G1: Usuarios Totales | H1: 05/05/2026 | I1: 10/05/2026 | J1: 15/05/2026 | K1: 20/05/2026 | L1: 25/05/2026 | M1: 30/05/2026 | N1: 04/06/2026 | O1: 09/06/2026 | P1: 14/06/2026 | Q1: 20/06/2026 | R1: 25/06/2026 | S1: 30/06/2026 | T1: 05/07/2026 | U1: 10/07/2026 | V1: 15/07/2026 | W1: 20/07/2026 | X1: 25/07/2026 | Y1: 30/07/2026
A2: Nuqui | B2: Chocó | C2: Nuqui | D2: DISPAC | E2: 79316865070 | F2: 4 | G2: 2036 | H2: 0 | I2: 0 | J2: 0 | K2: 0 | L2: 0 | M2: 0 | N2: 0 | O2: 0 | P2: 0 | Q2: 0 | R2: 0 | S2: 0 | T2: 0 | U2: 0 | V2: 0 | W2: 0 | X2: 0 | Y2: 0
A3: Bahia Solano | B3: Chocó | C3: Bahia Solano | D3: GENSA | E3: 83008042889 | F3: 3 | G3: 2295 | H3: 0 | I3: 0 | J3: 0 | K3: 0 | L3: 0 | M3: 0 | N3: 0 | O3: 0 | P3: 0 | Q3: 0 | R3: 0 | S3: 0 | T3: 0 | U3: 0 | V3: 0 | W3: 0 | X3: 0 | Y3: 0
A4: Maicao Y Albania | B4: La Guajira | C4: Maicao Y Albania | D4: DISPAC | E4: 322709746890 | F4: 11.73 | G4: 10664 | H4: 0 | I4: 0 | J4: 0 | K4: 0 | L4: 0 | M4: 0 | N4: 0 | O4: 0 | P4: 0 | Q4: 0 | R4: 0 | S4: 0 | T4: 0 | U4: 0 | V4: 0 | W4: 0 | X4: 0 | Y4: 0
A5: Norte De Santander | B5: Norte de Santander | C5: Teorama, El Carmen, Convención, Hacari, San Calixto, Tibu | D5: ELECTROCAQUETA | E5: 121589085878 | F5: 4.16 | G5: 3783 | H5: 0 | I5: 0 | J5: 0 | K5: 0 | L5: 0 | M5: 0 | N5: 0 | O5: 0 | P5: 0 | Q5: 0 | R5: 0 | S5: 0 | T5: 0 | U5: 0 | V5: 0 | W5: 0 | X5: 0 | Y5: 0
A6: Ricaurte | B6: Nariño | C6: Ricaurte | D6: ELECTROCAQUETA | E6: 27742028640 | F6: 0.95 | G6: 862 | H6: 0 | I6: 0 | J6: 0 | K6: 0 | L6: 0 | M6: 0 | N6: 0 | O6: 0 | P6: 0 | Q6: 0 | R6: 0 | S6: 0 | T6: 0 | U6: 0 | V6: 0 | W6: 0 | X6: 0 | Y6: 0
A7: Santa Marta | B7: Magdalena | C7: Santa Marta | D7: ELECTROCAQUETA | E7: 51087244522 | F7: 1.74 | G7: 1581 | H7: 0 | I7: 0 | J7: 0 | K7: 0 | L7: 0 | M7: 0 | N7: 0 | O7: 0 | P7: 0 | Q7: 0 | R7: 0 | S7: 0 | T7: 0 | U7: 0 | V7: 0 | W7: 0 | X7: 0 | Y7: 0
A8: Santander 11 Municipios | B8: Santander | C8: Bolivar, Charalá, El Peñón, Florian, La Belleza, Landazuri, Ocamonte, Simacota, Sucre, Zapatoca | D8: ELECTROCAQUETA | E8: 37573918087 | F8: 1.27 | G8: 1158 | H8: 0 | I8: 0 | J8: 0 | K8: 0 | L8: 0 | M8: 0 | N8: 0 | O8: 0 | P8: 0 | Q8: 0 | R8: 0 | S8: 0 | T8: 0 | U8: 0 | V8: 0 | W8: 0 | X8: 0 | Y8: 0
A9: Santander - Guaca | B9: Santander | C9: Guaca | D9: ELECTROCAQUETA | E9: 4402514558 | F9: 0.19 | G9: 154 | H9: 0 | I9: 0 | J9: 0 | K9: 0 | L9: 0 | M9: 0 | N9: 0 | O9: 0 | P9: 0 | Q9: 0 | R9: 0 | S9: 0 | T9: 0 | U9: 0 | V9: 0 | W9: 0 | X9: 0 | Y9: 0
A10: La Uribe | B10: Meta | C10: La Uribe | D10: GENSA | E10: 31420264769 | F10: 1.21 | G10: 1003 | H10: 0 | I10: 0 | J10: 0 | K10: 0 | L10: 0 | M10: 0 | N10: 0 | O10: 0 | P10: 0 | Q10: 0 | R10: 0 | S10: 0 | T10: 0 | U10: 0 | V10: 0 | W10: 0 | X10: 0 | Y10: 0
A11: Becerril | B11: Cesar | C11: Becerril | D11: ELECTROCAQUETA | E11: 18447808737 | F11: 0.76 | G11: 623 | H11: 40 | I11: 65 | J11: 75 | K11: 0 | L11: 0 | M11: 0 | N11: 0 | O11: 0 | P11: 0 | Q11: 0 | R11: 0 | S11: 0 | T11: 0 | U11: 0 | V11: 0 | W11: 0 | X11: 0 | Y11: 0
A12: Curumani | B12: Cesar | C12: Curumani | D12: ELECTROCAQUETA | E12: 18114661005 | F12: 0.76 | G12: 624 | H12: 0 | I12: 0 | J12: 0 | K12: 0 | L12: 0 | M12: 0 | N12: 0 | O12: 0 | P12: 0 | Q12: 0 | R12: 0 | S12: 0 | T12: 0 | U12: 0 | V12: 0 | W12: 0 | X12: 0 | Y12: 0
A13: Uribia | B13: La Guajira | C13: Uribia | D13: GENSA | E13: 30713269905 | F13: 1.2 | G13: 1000 | H13: 0 | I13: 0 | J13: 0 | K13: 0 | L13: 0 | M13: 0 | N13: 0 | O13: 0 | P13: 0 | Q13: 0 | R13: 0 | S13: 0 | T13: 0 | U13: 0 | V13: 0 | W13: 0 | X13: 0 | Y13: 0
... A18: Cartagena Del Chaira | B18: Caquetá | C18: Cartagena Del Chaira | D18: GENSA | E18: 24437339433 | F18: 1.52 | G18: 755 | H18: 0 | I18: 0 | J18: 0 | K18: 0 | L18: 0 | M18: 0 | N18: 0 | O18: 0 | P18: 0 | Q18: 0 | R18: 0 | S18: 0 | T18: 0 | U18: 0 | V18: 0 | W18: 0 | X18: 0 | Y18: 0
A19: Villas de San Pablo | B19: Atlantico | C19: Atlantico | D19: GECELCA | E19: 41281267500 | F19: 4.35 | G19: 2500
A21: TOTALES | E21: =SUM(E2:E20) -> 955641556897 | F21: =SUM(F2:F20) -> 39.39 | G21: =SUM(G2:G20) -> 31044 | H21: =SUM(H2:H20) -> 40 | I21: =SUM(I2:I20) -> 65 | J21: =SUM(J2:J20) -> 75 | K21: =SUM(K2:K20) -> 0 | L21: =SUM(L2:L20) -> 0 | ... Y21: =SUM(Y2:Y20) -> 0

Sheet Reportado Internas
A1: Proyecto | B1: Departamento | C1: Municipio | D1: Operador de Red | E1: Inversion | F1: Potencia a Instalar MWp | G1: Usuarios Totales | H1: 05/05/2026 | I1: 10/05/2026 | J1: 15/05/2026 | K1: 20/05/2026 | L1: 25/05/2026 | M1: 30/05/2026 | N1: 04/06/2026 | O1: 09/06/2026 | P1: 14/06/2026 | Q1: 20/06/2026 | R1: 25/06/2026 | S1: 30/06/2026 | T1: 05/07/2026 | U1: 10/07/2026 | V1: 15/07/2026 | W1: 20/07/2026 | X1: 25/07/2026 | Y1: 30/07/2026
A2: Nuqui | B2: Chocó | C2: Nuqui | D2: DISPAC | E2: 79316865070 | F2: 4 | G2: 2036 | H2: 0 | I2: 0 | J2: 0 | K2: 0 | L2: 0 | M2: 0 | N2: 0 | O2: 0 | P2: 0 | Q2: 0 | R2: 0 | S2: 0 | T2: 0 | U2: 0 | V2: 0 | W2: 0 | X2: 0 | Y2: 0
A3: Bahia Solano | B3: Chocó | C3: Bahia Solano | D3: GENSA | E3: 83008042889 | F3: 3 | G3: 2295 | H3: 0 | I3: 0 | J3: 0 | K3: 0 | L3: 0 | M3: 0 | N3: 0 | O3: 0 | P3: 0 | Q3: 0 | R3: 0 | S3: 0 | T3: 0 | U3: 0 | V3: 0 | W3: 0 | X3: 0 | Y3: 0
A4: Maicao Y Albania | B4: La Guajira | C4: Maicao Y Albania | D4: DISPAC | E4: 322709746890 | F4: 11.73 | G4: 10664 | H4: 0 | I4: 0 | J4: 0 | K4: 0 | L4: 0 | M4: 0 | N4: 0 | O4: 0 | P4: 0 | Q4: 0 | R4: 0 | S4: 0 | T4: 0 | U4: 0 | V4: 0 | W4: 0 | X4: 0 | Y4: 0
A5: Norte De Santander | B5: Norte de Santander | C5: Teorama, El Carmen, Convención, Hacari, San Calixto, Tibu | D5: ELECTROCAQUETA | E5: 121589085878 | F5: 4.16 | G5: 3783 | H5: 0 | I5: 0 | J5: 0 | K5: 0 | L5: 0 | M5: 0 | N5: 0 | O5: 0 | P5: 0 | Q5: 0 | R5: 0 | S5: 0 | T5: 0 | U5: 0 | V5: 0 | W5: 0 | X5: 0 | Y5: 0
A6: Ricaurte | B6: Nariño | C6: Ricaurte | D6: ELECTROCAQUETA | E6: 27742028640 | F6: 0.95 | G6: 862 | H6: 0 | I6: 0 | J6: 0 | K6: 0 | L6: 0 | M6: 0 | N6: 0 | O6: 0 | P6: 0 | Q6: 0 | R6: 0 | S6: 0 | T6: 0 | U6: 0 | V6: 0 | W6: 0 | X6: 0 | Y6: 0
A7: Santa Marta | B7: Magdalena | C7: Santa Marta | D7: ELECTROCAQUETA | E7: 51087244522 | F7: 1.74 | G7: 1581 | H7: 0 | I7: 0 | J7: 0 | K7: 0 | L7: 0 | M7: 0 | N7: 0 | O7: 0 | P7: 0 | Q7: 0 | R7: 0 | S7: 0 | T7: 0 | U7: 0 | V7: 0 | W7: 0 | X7: 0 | Y7: 0
A8: Santander 11 Municipios | B8: Santander | C8: Bolivar, Charalá, El Peñón, Florian, La Belleza, Landazuri, Ocamonte, Simacota, Sucre, Zapatoca | D8: ELECTROCAQUETA | E8: 37573918087 | F8: 1.27 | G8: 1158 | H8: 0 | I8: 0 | J8: 0 | K8: 0 | L8: 0 | M8: 0 | N8: 0 | O8: 0 | P8: 0 | Q8: 0 | R8: 0 | S8: 0 | T8: 0 | U8: 0 | V8: 0 | W8: 0 | X8: 0 | Y8: 0
A9: Santander - Guaca | B9: Santander | C9: Guaca | D9: ELECTROCAQUETA | E9: 4402514558 | F9: 0.19 | G9: 154 | H9: 0 | I9: 0 | J9: 0 | K9: 0 | L9: 0 | M9: 0 | N9: 0 | O9: 0 | P9: 0 | Q9: 0 | R9: 0 | S9: 0 | T9: 0 | U9: 0 | V9: 0 | W9: 0 | X9: 0 | Y9: 0
A10: La Uribe | B10: Meta | C10: La Uribe | D10: GENSA | E10: 31420264769 | F10: 1.21 | G10: 1003 | H10: 0 | I10: 0 | J10: 0 | K10: 0 | L10: 0 | M10: 0 | N10: 0 | O10: 0 | P10: 0 | Q10: 0 | R10: 0 | S10: 0 | T10: 0 | U10: 0 | V10: 0 | W10: 0 | X10: 0 | Y10: 0
A11: Becerril | B11: Cesar | C11: Becerril | D11: ELECTROCAQUETA | E11: 18447808737 | F11: 0.76 | G11: 623 | H11: 40 | I11: 65 | J11: 75 | K11: 10 | L11: 0 | M11: 0 | N11: 0 | O11: 0 | P11: 0 | Q11: 0 | R11: 0 | S11: 0 | T11: 0 | U11: 0 | V11: 0 | W11: 0 | X11: 0 | Y11: 0
A12: Curumani | B12: Cesar | C12: Curumani | D12: ELECTROCAQUETA | E12: 18114661005 | F12: 0.76 | G12: 624 | H12: 0 | I12: 0 | J12: 0 | K12: 0 | L12: 0 | M12: 0 | N12: 0 | O12: 0 | P12: 0 | Q12: 0 | R12: 0 | S12: 0 | T12: 0 | U12: 0 | V12: 0 | W12: 0 | X12: 0 | Y12: 0
A13: Uribia | B13: La Guajira | C13: Uribia | D13: GENSA | E13: 30713269905 | F13: 1.2 | G13: 1000 | H13: 0 | I13: 0 | J13: 0 | K13: 0 | L13: 0 | M13: 0 | N13: 0 | O13: 0 | P13: 0 | Q13: 0 | R13: 0 | S13: 0 | T13: 0 | U13: 0 | V13: 0 | W13: 0 | X13: 0 | Y13: 0
... A18: Cartagena Del Chaira | B18: Caquetá | C18: Cartagena Del Chaira | D18: GENSA | E18: 24437339433 | F18: 1.52 | G18: 755 | H18: 0 | I18: 0 | J18: 0 | K18: 0 | L18: 0 | M18: 0 | N18: 0 | O18: 0 | P18: 0 | Q18: 0 | R18: 0 | S18: 0 | T18: 0 | U18: 0 | V18: 0 | W18: 0 | X18: 0 | Y18: 0
A19: Villas de San Pablo | B19: Atlantico | C19: Atlantico | D19: GECELCA | E19: 41281267500 | F19: 4.35 | G19: 2500
A21: TOTALES | E21: =SUM(E2:E20) -> 955641556897 | F21: =SUM(F2:F20) -> 39.39 | G21: =SUM(G2:G20) -> 31044 | H21: =SUM(H2:H20) -> 40 | I21: =SUM(I2:I20) -> 65 | J21: =SUM(J2:J20) -> 75 | K21: =SUM(K2:K20) -> 10 | L21: =SUM(L2:L20) -> 0 | ... Y21: =SUM(Y2:Y20) -> 0

Sheet Reportado Usuarios
A1: Proyecto | B1: Departamento | C1: Municipio | D1: Operador de Red | E1: Inversion | F1: Potencia a Instalar MWp | G1: Usuarios Totales | H1: 05/05/2026 | I1: 10/05/2026 | J1: 15/05/2026 | K1: 20/05/2026 | L1: 25/05/2026 | M1: 30/05/2026 | N1: 04/06/2026 | O1: 09/06/2026 | P1: 14/06/2026 | Q1: 20/06/2026 | R1: 25/06/2026 | S1: 30/06/2026 | T1: 05/07/2026 | U1: 10/07/2026 | V1: 15/07/2026 | W1: 20/07/2026 | X1: 25/07/2026 | Y1: 30/07/2026 | Z1: 05/08/2026 | AA1: 10/08/2026 | AB1: 15/08/2026 | AC1: 20/08/2026 | AD1: 25/08/2026 | AE1: 30/08/2026 | AF1: 5/09/2026 | AG1: 10/09/2026
A2: Nuqui | B2: Chocó | C2: Nuqui | D2: DISPAC | E2: 79316865070 | F2: 4 | G2: 2036 | H2: 0 | I2: 0 | J2: 0 | K2: 0 | L2: 0 | M2: 0 | N2: 0 | O2: 0 | P2: 0 | Q2: 0 | R2: 0 | S2: 0 | T2: 0 | U2: 0 | V2: 0 | W2: 0 | X2: 0 | Y2: 0
A3: Bahia Solano | B3: Chocó | C3: Bahia Solano | D3: GENSA | E3: 83008042889 | F3: 3 | G3: 2295 | H3: 0 | I3: 0 | J3: 0 | K3: 0 | L3: 0 | M3: 0 | N3: 0 | O3: 0 | P3: 0 | Q3: 0 | R3: 0 | S3: 0 | T3: 0 | U3: 0 | V3: 0 | W3: 0 | X3: 0 | Y3: 0
A4: Maicao Y Albania | B4: La Guajira | C4: Maicao Y Albania | D4: DISPAC | E4: 322709746890 | F4: 11.73 | G4: 10664 | H4: 0 | I4: 0 | J4: 80 | K4: 240 | L4: 400 | M4: 480 | N4: 560 | O4: 640 | P4: 720 | Q4: 800 | R4: 960 | S4: 1200 | T4: 1350 | U4: 2150 | V4: 2950 | W4: 3750 | X4: 4550 | Y4: 5350 | Z4: 6150 | AA4: 6950 | AB4: 7750 | AC4: 8550 | AD4: 9350 | AE4: 9800 | AF4: 10230 | AG4: 10664
A5: Norte De Santander | B5: Norte de Santander | C5: Teorama, El Carmen, Convención, Hacari, San Calixto, Tibu | D5: ELECTROCAQUETA | E5: 121589085878 | F5: 4.16 | G5: 3783 | H5: 0 | I5: 0 | J5: 0 | K5: 0 | L5: 0 | M5: 40 | N5: 100 | O5: 160 | P5: 160 | Q5: 160 | R5: 352 | S5: 544 | T5: 736 | U5: 976 | V5: 1168 | W5: 1360 | X5: 1600 | Y5: 1792 | Z5: 2032 | AA5: 2224 | AB5: 2464 | AC5: 2656 | AD5: 2856 | AE5: 3056 | AF5: 3306 | AG5: 3783
A6: Ricaurte | B6: Nariño | C6: Ricaurte | D6: ELECTROCAQUETA | E6: 27742028640 | F6: 0.95 | G6: 862 | H6: 0 | I6: 0 | J6: 0 | K6: 0 | L6: 0 | M6: 0 | N6: 0 | O6: 0 | P6: 0 | Q6: 48 | R6: 84 | S6: 84 | T6: 144 | U6: 232 | V6: 342 | W6: 430 | X6: 518 | Y6: 628 | Z6: 716 | AA6: 862
A7: Santa Marta | B7: Magdalena | C7: Santa Marta | D7: ELECTROCAQUETA | E7: 51087244522 | F7: 1.74 | G7: 1581 | H7: 0 | I7: 0 | J7: 0 | K7: 0 | L7: 0 | M7: 24 | N7: 120 | O7: 208 | P7: 296 | Q7: 416 | R7: 512 | S7: 512 | T7: 624 | U7: 728 | V7: 863 | W7: 983 | X7: 1103 | Y7: 1253 | Z7: 1333 | AA7: 1581
A8: Santander 11 Municipios | B8: Santander | C8: Bolivar, Charalá, El Peñón, Florian, La Belleza, Landazuri, Ocamonte, Simacota, Sucre, Zapatoca | D8: ELECTROCAQUETA | E8: 37573918087 | F8: 1.27 | G8: 1158 | H8: 0 | I8: 0 | J8: 0 | K8: 0 | L8: 0 | M8: 0 | N8: 36 | O8: 76 | P8: 124 | Q8: 194 | R8: 258 | S8: 258 | T8: 322 | U8: 410 | V8: 520 | W8: 608 | X8: 696 | Y8: 806 | Z8: 894 | AA8: 1158
A9: Santander - Guaca | B9: Santander | C9: Guaca | D9: ELECTROCAQUETA | E9: 4402514558 | F9: 0.19 | G9: 154 | H9: 0 | I9: 0 | J9: 0 | K9: 0 | L9: 0 | M9: 0 | N9: 24 | O9: 42 | P9: 60 | Q9: 90 | R9: 114 | S9: 114 | T9: 154
A10: La Uribe | B10: Meta | C10: La Uribe | D10: GENSA | E10: 31420264769 | F10: 1.21 | G10: 1003 | H10: 0 | I10: 0 | J10: 0 | K10: 0 | L10: 0 | M10: 0 | N10: 0 | O10: 0 | P10: 0 | Q10: 0 | R10: 0 | S10: 0 | T10: 0 | U10: 0 | V10: 0 | W10: 0 | X10: 0 | Y10: 0
A11: Becerril | B11: Cesar | C11: Becerril | D11: ELECTROCAQUETA | E11: 18447808737 | F11: 0.76 | G11: 623 | H11: 60 | I11: 120 | J11: 180 | K11: 200 | L11: 250 | M11: 300 | N11: 350 | O11: 400 | P11: 430 | Q11: 460 | R11: 500 | S11: 530 | T11: 560 | U11: 580 | V11: 600 | W11: 610 | X11: 623 | Y11: 623
A12: Curumani | B12: Cesar | C12: Curumani | D12: ELECTROCAQUETA | E12: 18114661005 | F12: 0.76 | G12: 624 | H12: 0 | I12: 0 | J12: 0 | K12: 100 | L12: 100 | M12: 100 | N12: 125 | O12: 230 | P12: 270 | Q12: 350 | R12: 440 | S12: 510 | T12: 550 | U12: 590 | V12: 620 | W12: 624 | X12: 624 | Y12: 624
A13: Uribia | B13: La Guajira | C13: Uribia | D13: GENSA | E13: 30713269905 | F13: 1.2 | G13: 1000 | H13: 0 | I13: 0 | J13: 0 | K13: 0 | L13: 0 | M13: 0 | N13: 0 | O13: 0 | P13: 0 | Q13: 0 | R13: 0 | S13: 0 | T13: 0 | U13: 0 | V13: 0 | W13: 0 | X13: 0 | Y13: 0
A14: San Miguel | B14: Putumayo | C14: San Miguel | D14: GENSA | E14: 6880380834 | F14: 0.31 | G14: 217 | H14: 0 | I14: 0 | J14: 0 | K14: 0 | L14: 0 | M14: 0 | N14: 0 | O14: 0 | P14: 0 | Q14: 0 | R14: 0 | S14: 0 | T14: 0 | U14: 0 | V14: 0 | W14: 0 | X14: 0 | Y14: 0
A15: Valle Del Guamuez | B15: Putumayo | C15: Valle Del Guamuez | D15: GENSA | E15: 22802905997 | F15: 0.72 | G15: 719 | H15: 0 | I15: 0 | J15: 0 | K15: 0 | L15: 0 | M15: 0 | N15: 0 | O15: 0 | P15: 0 | Q15: 0 | R15: 0 | S15: 0 | T15: 0 | U15: 0 | V15: 0 | W15: 0 | X15: 0 | Y15: 0
A16: Villa Garzon | B16: Putumayo | C16: Villa Garzon | D16: GENSA | E16: 9349545113 | F16: 0.42 | G16: 293 | H16: 0 | I16: 0 | J16: 0 | K16: 0 | L16: 0 | M16: 0 | N16: 0 | O16: 0 | P16: 0 | Q16: 0 | R16: 0 | S16: 0 | T16: 0 | U16: 0 | V16: 0 | W16: 0 | X16: 0 | Y16: 0
A17: Puerto Guzman | B17: Putumayo | C17: Puerto Guzman | D17: GENSA | E17: 24764667070 | F17: 1.1 | G17: 777 | H17: 0 | I17: 0 | J17: 0 | K17: 0 | L17: 0 | M17: 0 | N17: 0 | O17: 0 | P17: 0 | Q17: 0 | R17: 0 | S17: 0 | T17: 0 | U17: 0 | V17: 0 | W17: 0 | X17: 0 | Y17: 0
A18: Cartagena Del Chaira | B18: Caquetá | C18: Cartagena Del Chaira | D18: GENSA | E18: 24437339433 | F18: 1.52 | G18: 755 | H18: 0 | I18: 0 | J18: 0 | K18: 0 | L18: 0 | M18: 0 | N18: 0 | O18: 0 | P18: 0 | Q18: 0 | R18: 0 | S18: 0 | T18: 0 | U18: 0 | V18: 0 | W18: 0 | X18: 0 | Y18: 0
A19: Villas de San Pablo | B19: Atlantico | C19: Atlantico | D19: GECELCA | E19: 41281267500 | F19: 4.35 | G19: 2500
A21: TOTALES | E21: =SUM(E2:E20) -> 955641556897 | F21: =SUM(F2:F20) -> 39.39 | G21: =SUM(G2:G20) -> 31044 | H21: =SUM(H2:H20) -> 60 | I21: =SUM(I2:I20) -> 120 | J21: =SUM(J2:J20) -> 260 | K21: =SUM(K2:K20) -> 540 | L21: =SUM(L2:L20) -> 750 | ... AG21: =SUM(AG2:AG20) -> 14447

Sheet Reportado Potencia
A1: Proyecto | B1: Departamento | C1: Municipio | D1: Operador de Red | E1: Inversion | F1: Potencia a Instalar MWp | G1: Usuarios Totales | H1: 05/05/2026 | I1: 10/05/2026 | J1: 15/05/2026 | K1: 20/05/2026 | L1: 25/05/2026 | M1: 30/05/2026 | N1: 04/06/2026 | O1: 09/06/2026 | P1: 14/06/2026 | Q1: 20/06/2026 | R1: 25/06/2026 | S1: 30/06/2026 | T1: 05/07/2026 | U1: 10/07/2026 | V1: 15/07/2026 | W1: 20/07/2026 | X1: 25/07/2026 | Y1: 30/07/2026
A2: Nuqui | B2: Chocó | C2: Nuqui | D2: DISPAC | E2: 79316865070 | F2: 4 | G2: 2036 | H2: 0 | I2: 0 | J2: 0 | K2: 0 | L2: 0 | M2: 0 | N2: 0 | O2: 0 | P2: 0 | Q2: 0 | R2: 0 | S2: 0 | T2: 0 | U2: 0 | V2: 0 | W2: 0 | X2: 0 | Y2: 0
A3: Bahia Solano | B3: Chocó | C3: Bahia Solano | D3: GENSA | E3: 83008042889 | F3: 3 | G3: 2295 | H3: 0 | I3: 0 | J3: 0 | K3: 0 | L3: 0 | M3: 0 | N3: 0 | O3: 0 | P3: 0 | Q3: 0 | R3: 0 | S3: 0 | T3: 0 | U3: 0 | V3: 0 | W3: 0 | X3: 0 | Y3: 0
A4: Maicao Y Albania | B4: La Guajira | C4: Maicao Y Albania | D4: DISPAC | E4: 322709746890 | F4: 11.73 | G4: 10664 | H4: 0 | I4: 0 | J4: 0 | K4: 0 | L4: 0 | M4: 0 | N4: 0 | O4: 0 | P4: 0 | Q4: 0 | R4: 0 | S4: 0 | T4: 0 | U4: 0 | V4: 0 | W4: 0 | X4: 0 | Y4: 0
A5: Norte De Santander | B5: Norte de Santander | C5: Teorama, El Carmen, Convención, Hacari, San Calixto, Tibu | D5: ELECTROCAQUETA | E5: 121589085878 | F5: 4.16 | G5: 3783 | H5: 0 | I5: 0 | J5: 0 | K5: 0 | L5: 0 | M5: 0 | N5: 0 | O5: 0 | P5: 0 | Q5: 0 | R5: 0 | S5: 0 | T5: 0 | U5: 0 | V5: 0 | W5: 0 | X5: 0 | Y5: 0
A6: Ricaurte | B6: Nariño | C6: Ricaurte | D6: ELECTROCAQUETA | E6: 27742028640 | F6: 0.95 | G6: 862 | H6: 0 | I6: 0 | J6: 0 | K6: 0 | L6: 0 | M6: 0 | N6: 0 | O6: 0 | P6: 0 | Q6: 0 | R6: 0 | S6: 0 | T6: 0 | U6: 0 | V6: 0 | W6: 0 | X6: 0 | Y6: 0
A7: Santa Marta | B7: Magdalena | C7: Santa Marta | D7: ELECTROCAQUETA | E7: 51087244522 | F7: 1.74 | G7: 1581 | H7: 0 | I7: 0 | J7: 0 | K7: 0 | L7: 0 | M7: 0 | N7: 0 | O7: 0 | P7: 0 | Q7: 0 | R7: 0 | S7: 0 | T7: 0 | U7: 0 | V7: 0 | W7: 0 | X7: 0 | Y7: 0
A8: Santander 11 Municipios | B8: Santander | C8: Bolivar, Charalá, El Peñón, Florian, La Belleza, Landazuri, Ocamonte, Simacota, Sucre, Zapatoca | D8: ELECTROCAQUETA | E8: 37573918087 | F8: 1.27 | G8: 1158 | H8: 0 | I8: 0 | J8: 0 | K8: 0 | L8: 0 | M8: 0 | N8: 0 | O8: 0 | P8: 0 | Q8: 0 | R8: 0 | S8: 0 | T8: 0 | U8: 0 | V8: 0 | W8: 0 | X8: 0 | Y8: 0
A9: Santander - Guaca | B9: Santander | C9: Guaca | D9: ELECTROCAQUETA | E9: 4402514558 | F9: 0.19 | G9: 154 | H9: 0 | I9: 0 | J9: 0 | K9: 0 | L9: 0 | M9: 0 | N9: 0 | O9: 0 | P9: 0 | Q9: 0 | R9: 0 | S9: 0 | T9: 0 | U9: 0 | V9: 0 | W9: 0 | X9: 0 | Y9: 0
A10: La Uribe | B10: Meta | C10: La Uribe | D10: GENSA | E10: 31420264769 | F10: 1.21 | G10: 1003 | H10: 0 | I10: 0 | J10: 0 | K10: 0 | L10: 0 | M10: 0 | N10: 0 | O10: 0 | P10: 0 | Q10: 0 | R10: 0 | S10: 0 | T10: 0 | U10: 0 | V10: 0 | W10: 0 | X10: 0 | Y10: 0
A11: Becerril | B11: Cesar | C11: Becerril | D11: ELECTROCAQUETA | E11: 18447808737 | F11: 0.76 | G11: 623 | H11: 40 | I11: 65 | J11: 75 | K11: 10 | L11: 46 | M11: 0 | N11: 0 | O11: 0 | P11: 0 | Q11: 0 | R11: 0 | S11: 0 | T11: 0 | U11: 0 | V11: 0 | W11: 0 | X11: 0 | Y11: 0
A12: Curumani | B12: Cesar | C12: Curumani | D12: ELECTROCAQUETA | E12: 18114661005 | F12: 0.76 | G12: 624 | H12: 0 | I12: 0 | J12: 0 | K12: 0 | L12: 0 | M12: 0 | N12: 0 | O12: 0 | P12: 0 | Q12: 0 | R12: 0 | S12: 0 | T12: 0 | U12: 0 | V12: 0 | W12: 0 | X12: 0 | Y12: 0
A13: Uribia | B13: La Guajira | C13: Uribia | D13: GENSA | E13: 30713269905 | F13: 1.2 | G13: 1000 | H13: 0 | I13: 0 | J13: 0 | K13: 0 | L13: 0 | M13: 0 | N13: 0 | O13: 0 | P13: 0 | Q13: 0 | R13: 0 | S13: 0 | T13: 0 | U13: 0 | V13: 0 | W13: 0 | X13: 0 | Y13: 0
... A18: Cartagena Del Chaira | B18: Caquetá | C18: Cartagena Del Chaira | D18: GENSA | E18: 24437339433 | F18: 1.52 | G18: 755 | H18: 0 | I18: 0 | J18: 0 | K18: 0 | L18: 0 | M18: 0 | N18: 0 | O18: 0 | P18: 0 | Q18: 0 | R18: 0 | S18: 0 | T18: 0 | U18: 0 | V18: 0 | W18: 0 | X18: 0 | Y18: 0
A19: Villas de San Pablo | B19: Atlantico | C19: Atlantico | D19: GECELCA | E19: 41281267500 | F19: 4.35 | G19: 2500
A21: TOTALES | E21: =SUM(E2:E20) -> 955641556897 | F21: =SUM(F2:F20) -> 39.39 | G21: =SUM(G2:G20) -> 31044 | H21: =SUM(H2:H20) -> 40 | I21: =SUM(I2:I20) -> 65 | J21: =SUM(J2:J20) -> 75 | K21: =SUM(K2:K20) -> 10 | L21: =SUM(L2:L20) -> 46 | ... Y21: =SUM(Y2:Y20) -> 0

Sheet Seguimiento Diario
C2: DATOS GENERALES | I2: MAYO | AM2: JUNIO | BR2: JULIO
C3: CONTRATISTA | D3: PROYECTO | E3: EJECUTADO MAYO | F3: EJECUTADO JUNIO | G3: EJECUTADO JULIO | H3: EJECUTADO AGOSTO | I3: 46143 | J3: 46144 | K3: 46145 | L3: 46146 | M3: 46147 | N3: 46148 | O3: 46149 | P3: 46150 | Q3: 46151 | R3: 46152 | S3: 46153 | T3: 46154 | U3: 46155 | V3: 46156 | W3: 46157 | X3: 46158 | Y3: 46159 | Z3: 46160 | AA3: 46161 | AB3: 46162 | AC3: 46163 | AD3: 46164 | AE3: 46165 | AF3: 46166 | AG3: 46167 | AH3: 46168 | AI3: 46169 | AJ3: 46170 | AK3: 46171 | AL3: 46172 | AM3: 46173 | AN3: 46174 | AO3: 46175 | AP3: 46176 | AQ3: 46177 | AR3: 46178 | AS3: 46179 | AT3: 46180 | AU3: 46181 | AV3: 46182 | AW3: 46183 | AX3: 46184 | AY3: 46185 | AZ3: 46186 | BA3: 46187 | BB3: 46188 | BC3: 46189 | BD3: 46190 | BE3: 46191 | BF3: 46192 | BG3: 46193 | BH3: 46194 | BI3: 46195 | BJ3: 46196 | BK3: 46197 | BL3: 46198 | BM3: 46199 | BN3: 46200 | BO3: 46201 | BP3: 46202 | BQ3: 46203 | BR3: 46204 | BS3: 46205 | BT3: 46206 | BU3: 46207 | BV3: 46208 | BW3: 46209 | BX3: 46210 | BY3: 46211 | BZ3: 46212 | CA3: 46213 | CB3: 46214 | CC3: 46215 | CD3: 46216 | CE3: 46217 | CF3: 46218 | CG3: 46219 | CH3: 46220 | CI3: 46221 | CJ3: 46222 | CK3: 46223 | CL3: 46224 | CM3: 46225 | CN3: 46226 | CO3: 46227 | CP3: 46228 | CQ3: 46229 | CR3: 46230 | CS3: 46231 | CT3: 46232 | CU3: 46233 | CV3: 46234 | CW3: 46235 | CX3: 46236 | CY3: 46237 | CZ3: 46238 | DA3: 46239 | DB3: 46240 | DC3: 46241 | DD3: 46242 | DE3: 46243 | DF3: 46244 | DG3: 46245 | DH3: 46246 | DI3: 46247 | DJ3: 46248 | DK3: 46249
C4: Electrocaqueta | D4: Becerril | E4: =SUM(I4:AM4) -> 180 | F4: =SUM(AN4:BQ4) -> 0 | G4: =SUM(BR4:CV4) -> 0 | H4: =SUM(CW4:DK4) -> 0 | I4: 23 | O4: =180-I4 -> 157
C5: Electrocaqueta | D5: Curumaní | E5: =SUM(I5:AM5) -> 0 | F5: =SUM(AN5:BQ5) -> 0 | G5: =SUM(BR5:CV5) -> 0 | H5: =SUM(CW5:DK5) -> 0
C6: Electrocaqueta | D6: Santa Marta | E6: =SUM(I6:AM6) -> 0 | F6: =SUM(AN6:BQ6) -> 0 | G6: =SUM(BR6:CV6) -> 0 | H6: =SUM(CW6:DK6) -> 0
C7: Electrocaqueta | D7: Santander | E7: =SUM(I7:AM7) -> 0 | F7: =SUM(AN7:BQ7) -> 0 | G7: =SUM(BR7:CV7) -> 0 | H7: =SUM(CW7:DK7) -> 0
C8: Electrocaqueta | D8: Guaca | E8: =SUM(I8:AM8) -> 0 | F8: =SUM(AN8:BQ8) -> 0 | G8: =SUM(BR8:CV8) -> 0 | H8: =SUM(CW8:DK8) -> 0
C9: Electrocaqueta | D9: Nariño | E9: =SUM(I9:AM9) -> 0 | F9: =SUM(AN9:BQ9) -> 0 | G9: =SUM(BR9:CV9) -> 0 | H9: =SUM(CW9:DK9) -> 0
C10: Electrocaqueta | D10: Norte de Santander | E10: =SUM(I10:AM10) -> 0 | F10: =SUM(AN10:BQ10) -> 0 | G10: =SUM(BR10:CV10) -> 0 | H10: =SUM(CW10:DK10) -> 0
C11: Dispac | D11: Maicao y Albania | E11: =SUM(I11:AM11) -> 0 | F11: =SUM(AN11:BQ11) -> 0 | G11: =SUM(BR11:CV11) -> 0 | H11: =SUM(CW11:DK11) -> 0
C12: Gensa | D12: Cartagena del Chaiira | E12: =SUM(I12:AM12) -> 0 | F12: =SUM(AN12:BQ12) -> 0 | G12: =SUM(BR12:CV12) -> 0 | H12: =SUM(CW12:DK12) -> 0
C13: Gensa | D13: La Uribe | E13: =SUM(I13:AM13) -> 0 | F13: =SUM(AN13:BQ13) -> 0 | G13: =SUM(BR13:CV13) -> 0 | H13: =SUM(CW13:DK13) -> 0
C14: Gensa | D14: Uribia | E14: =SUM(I14:AM14) -> 0 | F14: =SUM(AN14:BQ14) -> 0 | G14: =SUM(BR14:CV14) -> 0 | H14: =SUM(CW14:DK14) -> 0
C15: Gensa | D15: San Miguel, Valle del Guamuez,Villa Garzon,Puerto Guzman | E15: =SUM(I15:AM15) -> 0 | F15: =SUM(AN15:BQ15) -> 0 | G15: =SUM(BR15:CV15) -> 0 | H15: =SUM(CW15:DK15) -> 0
C16: Gecelca | D16: Villas de San Pablo | E16: =SUM(I16:AM16) -> 12 | F16: =SUM(AN16:BQ16) -> 0 | G16: =SUM(BR16:CV16) -> 0 | H16: =SUM(CW16:DK16) -> 0 | O16: 12
C17: IPSE | D17: MANAURE | E17: =SUM(I17:AM17) -> 0 | F17: =SUM(AN17:BQ17) -> 0 | G17: =SUM(BR17:CV17) -> 0 | H17: =SUM(CW17:DK17) -> 0
C18: IPSE | D18: ARGELIA, PATÍA, PIENDAMÓ, TUNÍA, SOTARÁ | E18: =SUM(I18:AM18) -> 0 | F18: =SUM(AN18:BQ18) -> 0 | G18: =SUM(BR18:CV18) -> 0 | H18: =SUM(CW18:DK18) -> 0
C19: IPSE | D19: GUAPI | E19: =SUM(I19:AM19) -> 0 | F19: =SUM(AN19:BQ19) -> 0 | G19: =SUM(BR19:CV19) -> 0 | H19: =SUM(CW19:DK19) -> 0
C20: IPSE | D20: LOPEZ DE MICAY | E20: =SUM(I20:AM20) -> 0 | F20: =SUM(AN20:BQ20) -> 0 | G20: =SUM(BR20:CV20) -> 0 | H20: =SUM(CW20:DK20) -> 0
C21: IPSE | D21: ALBANIA | E21: =SUM(I21:AM21) -> 0 | F21: =SUM(AN21:BQ21) -> 0 | G21: =SUM(BR21:CV21) -> 0 | H21: =SUM(CW21:DK21) -> 0
C22: IPSE | D22: LA PRIMAVERA | E22: =SUM(I22:AM22) -> 0 | F22: =SUM(AN22:BQ22) -> 0 | G22: =SUM(BR22:CV22) -> 0 | H22: =SUM(CW22:DK22) -> 0
C23: FENOGE | D23: Florencia | E23: =SUM(I23:AM23) -> 0 | F23: =SUM(AN23:BQ23) -> 0 | G23: =SUM(BR23:CV23) -> 0 | H23: =SUM(CW23:DK23) -> 0
C24: FENOGE | D24: Vista Hermosa (235 kWp) | E24: =SUM(I24:AM24) -> 0 | F24: =SUM(AN24:BQ24) -> 0 | G24: =SUM(BR24:CV24) -> 0 | H24: =SUM(CW24:DK24) -> 0
C25: FENOGE | D25: La Uribe (30 kWp) | E25: =SUM(I25:AM25) -> 0 | F25: =SUM(AN25:BQ25) -> 0 | G25: =SUM(BR25:CV25) -> 0 | H25: =SUM(CW25:DK25) -> 0
C26: FENOGE | D26: Vista Hermosa (1.000 kWp) | E26: =SUM(I26:AM26) -> 0 | F26: =SUM(AN26:BQ26) -> 0 | G26: =SUM(BR26:CV26) -> 0 | H26: =SUM(CW26:DK26) -> 0
C27: FENOGE | D27: Arauquita (1.000 kWp) | E27: =SUM(I27:AM27) -> 0 | F27: =SUM(AN27:BQ27) -> 0 | G27: =SUM(BR27:CV27) -> 0 | H27: =SUM(CW27:DK27) -> 0
C28: FENOGE | D28: Agrado | E28: =SUM(I28:AM28) -> 0 | F28: =SUM(AN28:BQ28) -> 0 | G28: =SUM(BR28:CV28) -> 0 | H28: =SUM(CW28:DK28) -> 0
... C35: FENOGE | D35: Riohacha | E35: =SUM(I35:AM35) -> 0 | F35: =SUM(AN35:BQ35) -> 0 | G35: =SUM(BR35:CV35) -> 0 | H35: =SUM(CW35:DK35) -> 0

Sheet Curva S_GECELCA
A2: Total usuarios | B2: 2500 | C2: Curva S proyectada - GECELCA
A3: Meta 20% | B3: =B2*20% -> 500
A4: Inicio constructivo | B4: 46143
A5: Fecha meta | B5: 46162
B6: PROYECTADO | D6: EJECUTADO
A7: Fecha | B7: Usuarios Planeados Acumulados | C7: Usuarios | D7: Usuarios Ejecutados Acumulados | E7: Usuarios
A8: 46143 | B8: 0 | C8: 0 | D8: 0 | E8: 0
A9: 46144 | B9: =C8+C9 -> 62 | C9: 62 | D9: =E8+E9 -> 1 | E9: 1
A10: 46145 | B10: =C8+C9+C10 -> 84 | C10: 22 | D10: =E8+E9+E10 -> 3 | E10: 2
A11: 46146 | B11: =C9+C10+C11 -> 108 | C11: 24 | D11: =E9+E10+E11 -> 6 | E11: 3
A12: 46147 | B12: =C10+C11+C12+C9 -> 134 | C12: 26 | D12: =E10+E11+E12+E9 -> 10 | E12: 4
A13: 46148 | B13: =C11+C12+C13+C10+C9 -> 162 | C13: 28 | D13: =E11+E12+E13+E10+E9 -> 12 | E13: 2
A14: 46149 | B14: =C12+C13+C14+C11+C10+C9 -> 192 | C14: 30
A15: 46150 | B15: =C13+C14+C15+C12+C11+C10+C9 -> 222 | C15: 30
A16: 46151 | B16: =C14+C15+C16+C13+C12+C11+C10+C9 -> 252 | C16: 30
A17: 46152 | B17: =C15+C16+C17+C14+C13+C12+C11+C10+C9 -> 284 | C17: 32
A18: 46153 | B18: =C16+C17+C18+C15+C14+C13+C12+C11+C10+C9 -> 316 | C18: 32
A19: 46154 | B19: =C17+C18+C19+C16+C15+C14+C13+C12+C11+C10+C9 -> 348 | C19: 32
A20: 46155 | B20: =C18+C19+C20+C17+C16+C15+C14+C13+C12+C11+C10+C9 -> 380 | C20: 32
A21: 46156 | B21: =C19+C20+C21+C18+C17+C16+C15+C14+C13+C12+C11+C10+C9 -> 412 | C21: 32
A22: 46157 | B22: =C20+C21+C22+C19+C18+C17+C16+C15+C14+C13+C12+C11+C10+C9 -> 442 | C22: 30
A23: 46158 | B23: =C21+C22+C23+C20+C19+C18+C17+C16+C15+C14+C13+C12+C11+C10+C9 -> 458 | C23: 16
A24: 46159 | B24: =C22+C23+C24+C21+C20+C19+C18+C17+C16+C15+C14+C13+C12+C11+C10+C9 -> 474 | C24: 16
A25: 46160 | B25: =C23+C24+C25+C22+C21+C20+C19+C18+C17+C16+C15+C14+C13+C12+C11+C10+C9 -> 490 | C25: 16
A26: 46161 | B26: =C24+C25+C26+C23+C22+C21+C20+C19+C18+C17+C16+C15+C14+C13+C12+C11+C10+C9 -> 506 | C26: 16
A27: 46162 | B27: =C25+C26+C27+C24+C23+C22+C21+C20+C19+C18+C17+C16+C15+C14+C13+C12+C11+C10+C9 -> 512 | C27: 6

Sheet Curva S_Becerril
A1: =B3/B2 -> 0.64205457
A2: Total usuarios | B2: 623 | C2: Curva S proyectada - BECERRIL
A3: Meta 64% ( 11 Jun) | B3: 400
A4: Inicio constructivo | B4: 46143
A5: Fecha meta | B5: 46162
B6: PROYECTADO | D6: EJECUTADO
A7: Fecha | B7: Usuarios Planeados Acumulados | C7: Usuarios | D7: Usuarios Ejecutados Acumulados | E7: Usuarios
A8: 46143 | B8: 0 | C8: 0 | D8: 0 | E8: 0
A9: 46144 | B9: =C8+C9 -> 8 | C9: 8 | D9: =E8+E9 -> 4 | E9: 4
A10: 46145 | B10: =C8+C9+C10 -> 20 | C10: 12 | D10: =E8+E9+E10 -> 12 | E10: 8
A11: 46146 | B11: =C9+C10+C11 -> 33 | C11: 13 | D11: =E9+E10+E11 -> 23 | E11: 11
A12: 46147 | B12: =C10+C11+C12+C9 -> 45 | C12: 12 | D12: =E10+E11+E12+E9 -> 46 | E12: 23
A13: 46148 | B13: =C11+C12+C13+C10+C9 -> 59 | C13: 14 | D13: =E11+E12+E13+E10+E9 -> 68 | E13: 22
A14: 46149 | B14: =C12+C13+C14+C11+C10+C9 -> 74 | C14: 15 | D14: =E12+E13+E14+E11+E10+E9 -> 103 | E14: 35
A15: 46150 | B15: =C13+C14+C15+C12+C11+C10+C9 -> 86 | C15: 12 | D15: =E13+E14+E15+E12+E11+E10+E9 -> 137 | E15: 34
A16: 46151 | B16: =C14+C15+C16+C13+C12+C11+C10+C9 -> 98 | C16: 12 | D16: =E14+E15+E16+E13+E12+E11+E10+E9 -> 180 | E16: 43
A17: 46152 | B17: =C15+C16+C17+C14+C13+C12+C11+C10+C9 -> 110 | C17: 12
A18: 46153 | B18: =C16+C17+C18+C15+C14+C13+C12+C11+C10+C9 -> 118 | C18: 8
A19: 46154 | B19: =C17+C18+C19+C16+C15+C14+C13+C12+C11+C10+C9 -> 127 | C19: 9
A20: 46155 | B20: =C18+C19+C20+C17+C16+C15+C14+C13+C12+C11+C10+C9 -> 139 | C20: 12
A21: 46156 | B21: =C19+C20+C21+C18+C17+C16+C15+C14+C13+C12+C11+C10+C9 -> 145 | C21: 6
A22: 46157 | B22: =C20+C21+C22+C19+C18+C17+C16+C15+C14+C13+C12+C11+C10+C9 -> 151 | C22: 6
A23: 46158 | B23: =C21+C22+C23+C20+C19+C18+C17+C16+C15+C14+C13+C12+C11+C10+C9 -> 161 | C23: 10
A24: 46159 | B24: =C22+C23+C24+C21+C20+C19+C18+C17+C16+C15+C14+C13+C12+C11+C10+C9 -> 173 | C24: 12
A25: 46160 | B25: =C23+C24+C25+C22+C21+C20+C19+C18+C17+C16+C15+C14+C13+C12+C11+C10+C9 -> 181 | C25: 8
A26: 46161 | B26: =C24+C25+C26+C23+C22+C21+C20+C19+C18+C17+C16+C15+C14+C13+C12+C11+C10+C9 -> 190 | C26: 9
A27: 46162 | B27: =C25+C26+C27+C24+C23+C22+C21+C20+C19+C18+C17+C16+C15+C14+C13+C12+C11+C10+C9 -> 200 | C27: 10
A28: 46163
A29: 46164
A30: 46165
A31: 46166
A32: 46167
A33: 46168
A34: 46169
A35: 46170
A36: 46171
A37: 46172
A38: 46173
A39: 46174
... A93: 46228
